{
  "community--gcn": {
    "train": {
      "accuracy": 1.0,
      "f1_macro": 1.0,
      "roc_auc": 0.0
    },
    "val": {
      "accuracy": 0.8636363636363636,
      "f1_macro": 0.8063492063492064,
      "roc_auc": 0.0
    },
    "test": {
      "accuracy": 0.8260869565217391,
      "f1_macro": 0.8193362193362194,
      "roc_auc": 0.0
    },
    "train_time": 4.31887674331665
  },
  "community--sage": {
    "train": {
      "accuracy": 0.9848484848484849,
      "f1_macro": 0.9787485242030697,
      "roc_auc": 0.0
    },
    "val": {
      "accuracy": 0.7272727272727273,
      "f1_macro": 0.6223809523809524,
      "roc_auc": 0.0
    },
    "test": {
      "accuracy": 0.5217391304347826,
      "f1_macro": 0.4761904761904762,
      "roc_auc": 0.0
    },
    "train_time": 4.488163471221924
  },
  "community--mlp": {
    "train": {
      "accuracy": 0.5303030303030303,
      "f1_macro": 0.5256985438803621,
      "roc_auc": 0.0
    },
    "val": {
      "accuracy": 0.13636363636363635,
      "f1_macro": 0.09444444444444444,
      "roc_auc": 0.0
    },
    "test": {
      "accuracy": 0.08695652173913043,
      "f1_macro": 0.05627705627705628,
      "roc_auc": 0.0
    },
    "train_time": 2.7051191329956055
  },
  "community--rf": {
    "train": {
      "accuracy": 1.0,
      "f1_macro": 1.0,
      "roc_auc": 1.0
    },
    "val": {
      "accuracy": 0.0,
      "f1_macro": 0.0,
      "roc_auc": 0.0
    },
    "test": {
      "accuracy": 0.13043478260869565,
      "f1_macro": 0.10606060606060605,
      "roc_auc": 0.5145674102611901
    },
    "train_time": 0.14417099952697754
  },
  "k_hop_community_counts--gcn": {
    "train": {
      "mse": 5.1816325187683105,
      "r2": 0.3532441258430481
    },
    "val": {
      "mse": 5.603161334991455,
      "r2": 0.30507999658584595
    },
    "test": {
      "mse": 5.599393367767334,
      "r2": 0.22508305311203003
    },
    "train_time": 0.7070999145507812
  },
  "k_hop_community_counts--sage": {
    "train": {
      "mse": 4.342329025268555,
      "r2": 0.4580034613609314
    },
    "val": {
      "mse": 5.64843225479126,
      "r2": 0.2994653582572937
    },
    "test": {
      "mse": 5.450741767883301,
      "r2": 0.24565541744232178
    },
    "train_time": 0.9867393970489502
  },
  "k_hop_community_counts--mlp": {
    "train": {
      "mse": 7.045083999633789,
      "r2": 0.12065362930297852
    },
    "val": {
      "mse": 6.219201564788818,
      "r2": 0.2286769151687622
    },
    "test": {
      "mse": 5.796777248382568,
      "r2": 0.19776654243469238
    },
    "train_time": 0.3556339740753174
  },
  "k_hop_community_counts--rf": {
    "train": {
      "mse": 0.9134710743801654,
      "r2": 0.8858259969993737
    },
    "val": {
      "mse": 6.074111570247934,
      "r2": 0.24354540972959837
    },
    "test": {
      "mse": 6.122853359683795,
      "r2": 0.14927734965433992
    },
    "train_time": 0.1777195930480957
  }
}