{
  "node_count": 168,
  "edge_count": 1650,
  "avg_degree": 19.642857142857142,
  "avg_communities_per_node": 1.0,
  "clustering_coefficient": 0.23542054171630986,
  "triangle_count": 3126.0,
  "triangle_density": 0.004027229534047224,
  "homophily": 0.12424242424242424,
  "power_law_exponent": 0.9077653970515861,
  "density": 0.1176218990590248,
  "connected_components": 1,
  "largest_component_size": 1.0
}