{
  "node_count": 113,
  "edge_count": 782,
  "density": 0.12357774968394437,
  "avg_degree": 13.84070796460177,
  "clustering_coefficient": 0.9808727033459219,
  "triangle_count": 3521.0,
  "triangle_density": 0.015038268356852428,
  "homophily": 1.0,
  "power_law_exponent": -0.09376715705300592,
  "connected_components": 8,
  "largest_component_size": 21,
  "avg_communities_per_node": 1.0,
  "intra_community_density": 0.9811794228356336,
  "inter_community_density": 0.0,
  "empirical_homophily": 1.0
}