{
  "node_count": 72,
  "edge_count": 243,
  "density": 0.09507042253521127,
  "avg_degree": 6.75,
  "clustering_coefficient": 0.24731986170506945,
  "triangle_count": 201.0,
  "triangle_density": 0.0033702213279678066,
  "homophily": 0.09053497942386832,
  "power_law_exponent": 0.8612789539483762,
  "connected_components": 1,
  "largest_component_size": 72,
  "avg_communities_per_node": 1.0,
  "intra_community_density": 0.12087912087912088,
  "inter_community_density": 0.09309182813816344,
  "empirical_homophily": 0.12986479177934013
}