{
  "node_count": 98,
  "edge_count": 461,
  "density": 0.09699137386913528,
  "avg_degree": 9.408163265306122,
  "clustering_coefficient": 0.10063049195702252,
  "triangle_count": 131.0,
  "triangle_density": 0.000861298127498422,
  "homophily": 0.11713665943600868,
  "power_law_exponent": -0.633300393477963,
  "connected_components": 1,
  "largest_component_size": 98,
  "avg_communities_per_node": 1.0,
  "intra_community_density": 0.10266159695817491,
  "inter_community_density": 0.09628578187840076,
  "empirical_homophily": 0.032047746077677866
}