{
  "density": 0.09839357429718876,
  "node_count": 84,
  "avg_degree": 8.166666666666666,
  "homophily": 0.358600583090379,
  "clustering_coefficient": 0.12963306534735103,
  "power_law_exponent": -1.9592779228772845,
  "connected_components": 1,
  "largest_component_size": 84
}