{
  "node_count": 132,
  "edge_count": 1028,
  "density": 0.11889891279204257,
  "avg_degree": 15.575757575757576,
  "clustering_coefficient": 0.1929413557877829,
  "triangle_count": 1238.0,
  "triangle_density": 0.0033043292585277317,
  "homophily": 0.11575875486381323,
  "power_law_exponent": 0.715492244715053,
  "connected_components": 1,
  "largest_component_size": 132,
  "avg_communities_per_node": 1.0,
  "intra_community_density": 0.189792663476874,
  "inter_community_density": 0.11335578002244669,
  "empirical_homophily": 0.2521434138737335
}