{
  "node_count": 143,
  "edge_count": 1500,
  "density": 0.14773958435930268,
  "avg_degree": 20.97902097902098,
  "clustering_coefficient": 0.15176576637487346,
  "triangle_count": 1598.0,
  "triangle_density": 0.0033487639121441938,
  "homophily": 0.20066666666666666,
  "power_law_exponent": -0.3502011947961187,
  "connected_components": 1,
  "largest_component_size": 143,
  "avg_communities_per_node": 1.0,
  "intra_community_density": 0.2726449275362319,
  "inter_community_density": 0.1325008288208642,
  "empirical_homophily": 0.34591032120263515
}