{
  "node_count": 77,
  "edge_count": 385,
  "density": 0.13157894736842105,
  "avg_degree": 10.0,
  "clustering_coefficient": 0.2521941028283056,
  "triangle_count": 343.0,
  "triangle_density": 0.004688995215311005,
  "homophily": 0.4779220779220779,
  "power_law_exponent": 0.8734085096873232,
  "connected_components": 1,
  "largest_component_size": 77,
  "avg_communities_per_node": 1.0,
  "intra_community_density": 0.3881856540084388,
  "inter_community_density": 0.08197389885807504,
  "empirical_homophily": 0.651293275407088
}