{
  "node_count": 66,
  "edge_count": 82,
  "density": 0.03822843822843823,
  "avg_degree": 2.484848484848485,
  "clustering_coefficient": 0.010437710437710438,
  "triangle_count": 1.0,
  "triangle_density": 2.1853146853146853e-05,
  "homophily": 0.18292682926829268,
  "power_law_exponent": 1.8909240801057186,
  "connected_components": 1,
  "largest_component_size": 66,
  "avg_communities_per_node": 1.0,
  "intra_community_density": 0.08196721311475409,
  "inter_community_density": 0.034148827726809376,
  "empirical_homophily": 0.41181549974814713
}