{
  "community--gcn": {
    "train": {
      "accuracy": 1.0,
      "f1_macro": 1.0,
      "roc_auc": 0.0
    },
    "val": {
      "accuracy": 0.3333333333333333,
      "f1_macro": 0.33333333333333326,
      "roc_auc": 0.0
    },
    "test": {
      "accuracy": 0.23076923076923078,
      "f1_macro": 0.16666666666666663,
      "roc_auc": 0.0
    },
    "train_time": 5.071578025817871
  },
  "community--sage": {
    "train": {
      "accuracy": 1.0,
      "f1_macro": 1.0,
      "roc_auc": 0.0
    },
    "val": {
      "accuracy": 0.08333333333333333,
      "f1_macro": 0.044444444444444446,
      "roc_auc": 0.0
    },
    "test": {
      "accuracy": 0.23076923076923078,
      "f1_macro": 0.18787878787878787,
      "roc_auc": 0.0
    },
    "train_time": 3.7804510593414307
  },
  "community--mlp": {
    "train": {
      "accuracy": 1.0,
      "f1_macro": 1.0,
      "roc_auc": 0.0
    },
    "val": {
      "accuracy": 0.25,
      "f1_macro": 0.12000000000000002,
      "roc_auc": 0.0
    },
    "test": {
      "accuracy": 0.0,
      "f1_macro": 0.0,
      "roc_auc": 0.0
    },
    "train_time": 3.716996431350708
  },
  "community--rf": {
    "train": {
      "accuracy": 1.0,
      "f1_macro": 1.0,
      "roc_auc": 1.0
    },
    "val": {
      "accuracy": 0.0,
      "f1_macro": 0.0,
      "roc_auc": 0.0
    },
    "test": {
      "accuracy": 0.0,
      "f1_macro": 0.0,
      "roc_auc": 0.0
    },
    "train_time": 0.13155412673950195
  },
  "k_hop_community_counts--gcn": {
    "train": {
      "mse": 0.7717017531394958,
      "r2": 0.6048394441604614
    },
    "val": {
      "mse": 0.9016109108924866,
      "r2": 0.5027221441268921
    },
    "test": {
      "mse": 0.8868216276168823,
      "r2": 0.38569289445877075
    },
    "train_time": 1.2950444221496582
  },
  "k_hop_community_counts--sage": {
    "train": {
      "mse": 0.7501043081283569,
      "r2": 0.6158987283706665
    },
    "val": {
      "mse": 1.0582457780838013,
      "r2": 0.41633111238479614
    },
    "test": {
      "mse": 1.1806641817092896,
      "r2": 0.18214619159698486
    },
    "train_time": 1.7058436870574951
  },
  "k_hop_community_counts--mlp": {
    "train": {
      "mse": 1.161311149597168,
      "r2": 0.4053345322608948
    },
    "val": {
      "mse": 1.3848273754119873,
      "r2": 0.23620706796646118
    },
    "test": {
      "mse": 1.577981948852539,
      "r2": -0.0930783748626709
    },
    "train_time": 0.44063353538513184
  },
  "k_hop_community_counts--rf": {
    "train": {
      "mse": 0.18754496314496313,
      "r2": 0.9037284497260786
    },
    "val": {
      "mse": 1.6438621212121212,
      "r2": 0.08641706361106927
    },
    "test": {
      "mse": 1.6818587412587414,
      "r2": -0.1732392054356624
    },
    "train_time": 0.14082551002502441
  }
}