{
  "node_count": 117,
  "edge_count": 414,
  "density": 0.0610079575596817,
  "avg_degree": 7.076923076923077,
  "clustering_coefficient": 0.6463184963184964,
  "triangle_count": 557.0,
  "triangle_density": 0.002141237073770807,
  "homophily": 0.9178743961352657,
  "power_law_exponent": 0.19802629200857322,
  "connected_components": 1,
  "largest_component_size": 117,
  "avg_communities_per_node": 1.0,
  "intra_community_density": 0.7569721115537849,
  "inter_community_density": 0.0054105665181413114,
  "empirical_homophily": 0.985806166184613
}