{
  "node_count": 106,
  "edge_count": 224,
  "density": 0.04025157232704402,
  "avg_degree": 4.226415094339623,
  "clustering_coefficient": 0.031850853548966745,
  "triangle_count": 9.0,
  "triangle_density": 4.665146174580137e-05,
  "homophily": 0.08928571428571429,
  "power_law_exponent": 0.8093086613746605,
  "connected_components": 1,
  "largest_component_size": 106,
  "avg_communities_per_node": 1.0,
  "intra_community_density": 0.0488997555012225,
  "inter_community_density": 0.0395655546935609,
  "empirical_homophily": 0.10551255387122373
}