{
  "model_id": "gcn_link_prediction_20250529_175535",
  "creation_timestamp": "2025-05-29T17:55:35.265867",
  "config": {
    "output_dir": "ssl_experiments",
    "experiment_name": "ssl_experiment",
    "seed": 42,
    "device_id": 0,
    "force_cpu": false,
    "pretraining_task": "link_prediction",
    "n_extra_graphs_for_finetuning": 30,
    "save_graph_family": true,
    "graph_family_dir": "graph_families",
    "pretraining_graph_ratio": 0.7,
    "warmup_graph_ratio": 0.3,
    "n_graphs": 50,
    "min_n_nodes": 80,
    "max_n_nodes": 120,
    "min_communities": 3,
    "max_communities": 7,
    "universe_K": 10,
    "universe_feature_dim": 32,
    "universe_edge_density": 0.1,
    "universe_homophily": 0.8,
    "use_dccc_sbm": false,
    "degree_distribution": "power_law",
    "gnn_type": "gcn",
    "hidden_dim": 256,
    "num_layers": 4,
    "dropout": 0.49856078969616874,
    "epochs": 300,
    "learning_rate": 0.003451662562541067,
    "weight_decay": 1.2914175849849643e-05,
    "batch_size": 32,
    "patience": 50,
    "optimize_hyperparams": true,
    "n_warmup_graphs": 5,
    "n_trials": 20,
    "optimization_timeout": 1200,
    "negative_sampling_ratio": 1.981465637937628,
    "link_pred_loss": "bce",
    "contrastive_temperature": 0.07,
    "corruption_type": "feature_shuffle",
    "corruption_rate": 0.2,
    "save_checkpoints": true,
    "checkpoint_frequency": 50,
    "save_best_only": true
  },
  "architecture": {
    "model_class": "LinkPredictionModel",
    "encoder_class": "GNNModel",
    "input_dim": 32,
    "hidden_dim": 256,
    "num_layers": 4,
    "gnn_type": "gcn",
    "dropout": 0.49856078969616874
  },
  "training_history": {
    "train_loss": [
      1.3888303637504578,
      1.386287271976471,
      1.3866052031517029,
      1.3863500356674194,
      1.3862907886505127,
      1.3854570388793945,
      1.3842267394065857,
      1.3837319612503052,
      1.3720645904541016,
      1.3447081446647644,
      1.3304343223571777,
      1.2553257942199707,
      1.2004252672195435,
      1.0578976273536682,
      1.0621669292449951,
      1.0648183226585388,
      1.077542781829834,
      0.9873804450035095,
      1.1548411846160889,
      0.9499174952507019,
      0.9288575053215027,
      0.9226540625095367,
      0.9660624861717224,
      0.939164787530899,
      0.9684136211872101,
      0.9279298186302185,
      0.8953655064105988,
      0.9775681495666504,
      0.9140201210975647,
      0.9034165143966675,
      0.950825035572052,
      0.9202261865139008,
      0.93491330742836,
      0.921716719865799,
      0.8926160633563995,
      0.931340366601944,
      0.8597864508628845,
      0.9062053561210632,
      0.8629952371120453,
      0.8586155772209167,
      0.9190011918544769,
      0.8171781599521637,
      0.8212274312973022,
      0.8437508940696716,
      0.8447602391242981,
      0.8092913925647736,
      0.8368120789527893,
      0.8442716598510742,
      0.8087766170501709,
      0.8360763490200043,
      0.83824422955513,
      0.8623422086238861,
      0.938166618347168,
      0.8136704564094543,
      0.9479591250419617,
      0.866082638502121,
      0.7777414917945862,
      0.8021873831748962,
      0.7986125946044922,
      0.7989998459815979,
      0.7675381302833557,
      0.7634610831737518,
      0.8132517039775848,
      0.8703548312187195,
      0.7173018157482147,
      0.8307892382144928,
      0.768300473690033,
      0.7744043469429016,
      0.8302619457244873,
      0.7984886765480042,
      0.7586415708065033,
      0.824920266866684,
      0.9101395308971405,
      0.9084008038043976,
      0.7893385887145996,
      0.903941810131073,
      0.8741211891174316,
      0.8906325101852417,
      0.8301322162151337,
      0.775847852230072,
      0.8463779091835022,
      0.8178067803382874,
      0.8155733644962311,
      0.8505501747131348,
      0.7767434120178223,
      0.8199218213558197,
      0.9103440940380096,
      0.806716650724411,
      0.7373583912849426,
      0.8466548025608063,
      0.8215272426605225,
      0.8592411279678345,
      0.9437354803085327,
      0.8512113094329834,
      0.9581518173217773,
      0.8744538128376007,
      0.8749056458473206,
      0.886836975812912,
      0.9233479499816895,
      0.8710156679153442,
      0.8215185105800629,
      0.7953436374664307,
      0.7606478631496429,
      0.7663240134716034,
      0.8811950981616974,
      0.8603006303310394,
      0.7500570714473724,
      0.7961544692516327,
      0.8910438418388367,
      0.7971331179141998,
      0.881754457950592,
      0.7514618635177612,
      0.9056873917579651,
      0.7686974406242371,
      0.7510000467300415,
      0.7310070991516113,
      0.7660200893878937,
      0.7098192572593689,
      0.8054560422897339,
      0.8146241307258606,
      0.7058452367782593,
      0.7565728724002838,
      0.8048056364059448,
      0.8305313885211945,
      0.713729590177536,
      0.7428259253501892,
      0.7852672934532166,
      0.8207153081893921,
      0.7857964336872101,
      0.690845787525177,
      0.7598257660865784,
      0.6751996278762817,
      0.8888418078422546,
      0.734833836555481,
      0.7833601236343384,
      0.719883382320404,
      0.7988383769989014,
      0.7494872212409973,
      0.7664369344711304,
      0.8578319549560547,
      0.8154052495956421,
      0.7734612822532654,
      0.7736304402351379,
      0.7560121119022369,
      0.7234556674957275,
      0.8259874284267426,
      0.8144078850746155,
      0.7845688760280609,
      0.8320150971412659,
      0.954212486743927,
      0.7908639311790466,
      0.8383750319480896,
      0.8830944895744324,
      0.7665586471557617,
      0.8462991118431091,
      0.8024225234985352,
      0.7025880217552185,
      0.723345011472702,
      0.6804147660732269,
      0.8176527917385101,
      0.75410395860672,
      0.7698438167572021,
      0.8190892934799194,
      0.7822687029838562,
      0.7741353213787079,
      0.8848118782043457,
      0.7715898752212524,
      0.8586832880973816,
      0.7405085563659668,
      0.7868448197841644,
      0.7663566470146179,
      0.7855893671512604,
      0.7116160988807678,
      0.7939155697822571,
      0.7655843496322632,
      0.7533642053604126,
      0.7256020307540894,
      0.7001500725746155,
      0.7937628626823425,
      0.7333977818489075,
      0.7119693160057068,
      0.8252694010734558,
      0.6907135844230652,
      0.7239137887954712,
      0.7501769661903381,
      0.7335756719112396,
      0.6954332292079926,
      0.7001432776451111,
      0.7561566531658173,
      0.7684215307235718,
      0.7467595934867859,
      0.753747284412384,
      0.8086179196834564,
      0.7165794968605042,
      0.780923992395401,
      0.758155345916748,
      0.7624529898166656,
      0.6913417279720306,
      0.737982988357544,
      0.6907720267772675,
      0.6704932153224945,
      0.756159782409668,
      0.6519446074962616,
      0.8898995518684387,
      0.6892882883548737,
      0.8342040181159973,
      0.735090434551239,
      0.7558697462081909,
      0.6805333197116852,
      0.7911103367805481,
      0.8633324801921844,
      0.7568836212158203,
      0.7254530489444733,
      0.7453141808509827,
      0.8562402427196503,
      0.73401939868927,
      0.7531737387180328,
      0.7608929574489594,
      0.7393865585327148,
      0.6622880697250366,
      0.907225102186203,
      0.6869060397148132,
      0.8368547558784485,
      0.6986743211746216,
      0.7324933111667633,
      0.8073433637619019,
      0.7463867962360382,
      0.7692257165908813,
      0.719457596540451,
      0.8109401762485504,
      0.6758361160755157,
      0.7811688184738159,
      0.7854227125644684,
      0.7240824401378632,
      0.7595281600952148,
      0.6561216115951538,
      0.8164197504520416,
      0.6936967372894287,
      0.7641624212265015,
      0.7410415709018707,
      0.8739616870880127,
      0.7124441266059875,
      0.7598967850208282,
