{
  "node_count": 64,
  "edge_count": 224,
  "density": 0.1111111111111111,
  "avg_degree": 7.0,
  "clustering_coefficient": 0.11214939574314568,
  "triangle_count": 46.0,
  "triangle_density": 0.0011040706605222733,
  "homophily": 0.18303571428571427,
  "power_law_exponent": 0.33686890829269145,
  "connected_components": 1,
  "largest_component_size": 64,
  "avg_communities_per_node": 1.0,
  "intra_community_density": 0.19617224880382775,
  "inter_community_density": 0.10127282789153293,
  "empirical_homophily": 0.3190485516406431
}