{
  "node_count": 98,
  "edge_count": 326,
  "density": 0.06858826004628656,
  "avg_degree": 6.653061224489796,
  "clustering_coefficient": 0.12465868398641505,
  "triangle_count": 128.0,
  "triangle_density": 0.0008415737428992215,
  "homophily": 0.0705521472392638,
  "power_law_exponent": 0.9501746271340401,
  "connected_components": 1,
  "largest_component_size": 98,
  "avg_communities_per_node": 1.0,
  "intra_community_density": 0.06552706552706553,
  "inter_community_density": 0.0688323489323035,
  "empirical_homophily": -0.024600311176836104
}