{
  "run_id": 11,
  "timestamp": "20250527_100557",
  "config_path": "results/sweep_experiments\\homophily_density_sweep_20250527_100302\\run_0011",
  "sweep_parameters": {
    "universe_homophily": 0.30000000000000004,
    "universe_edge_density": 0.15000000000000002
  },
  "random_parameters": {
    "homophily_range_width": 0.25399872216304015,
    "density_range_width": 0.028058277013251712,
    "degree_heterogeneity": 0.41841278168402707,
    "edge_noise": 0.07043498273839235
  },
  "all_parameters": {
    "universe_homophily": 0.30000000000000004,
    "universe_edge_density": 0.15000000000000002,
    "homophily_range_width": 0.25399872216304015,
    "density_range_width": 0.028058277013251712,
    "degree_heterogeneity": 0.41841278168402707,
    "edge_noise": 0.07043498273839235
  },
  "method": "dc_sbm",
  "degree_distribution": "standard",
  "family_properties": {
    "n_graphs": 12,
    "node_counts": [
      85,
      99,
      94,
      82,
      81,
      86,
      99,
      98,
      85,
      96,
      84,
      88
    ],
    "edge_counts": [
      909,
      1460,
      1357,
      796,
      745,
      834,
      1200,
      1620,
      540,
      982,
      694,
      917
    ],
    "community_counts": [
      4,
      4,
      3,
      5,
      4,
      5,
      3,
      5,
      5,
      5,
      4,
      3
    ],
    "node_counts_mean": 89.75,
    "node_counts_std": 6.634819766454348,
    "node_counts_min": 81.0,
    "node_counts_max": 99.0,
    "edge_counts_mean": 1004.5,
    "edge_counts_std": 318.6080402835643,
    "edge_counts_min": 540.0,
    "edge_counts_max": 1620.0,
    "community_counts_mean": 4.166666666666667,
    "community_counts_std": 0.7993052538854533,
    "community_counts_min": 3.0,
    "community_counts_max": 5.0
  },
  "family_consistency": {
    "pattern_preservation": {
      "score": 0.7310165515583078,
      "individual_correlations": [
        0.8528028654224415,
        0.8528028654224415,
        0.8783100656536799,
        0.8190487086369508,
        0.8528028654224415,
        0.8183170883849713,
        0.6831300510639732,
        0.8183170883849713,
        0.8183170883849713,
        0.8183170883849713,
        0.8528028654224415,
        -0.29277002188455997
      ],
      "std": 0.31220856607473585,
      "interpretation": "Good pattern preservation - structural relationships mostly maintained",
      "description": "How well rank ordering of community connections is preserved relative to universe"
    },
    "generation_fidelity": {
      "score": 0.9052070047826012,
      "individual_scores": [
        0.967005322442841,
        0.9696823700349244,
        0.9944598776859452,
        0.9503266367378642,
        0.9747726700343693,
        0.9783504818523485,
        0.6237589508079004,
        0.9663870211503996,
        0.942426342913077,
        0.9816531170436902,
        0.9765498544182213,
        0.5371114122696306
      ],
      "std": 0.14689473766395061,
      "interpretation": "Excellent generation fidelity - graphs closely match targets",
      "description": "How well graphs match their scaled probability targets (P_sub)"
    },
    "degree_consistency": {
      "score": 0.04998994693792653,
      "individual_scores": [
        0.18855904683378288,
        -0.08550216703045377,
        0.0564267468424372,
        0.20135811560161743,
        0.17849370791041724,
        0.17335161532678586,
        -0.16183723831860522,
        0.047692798653795235,
        -0.09681444546747368,
        -0.04092428653076277,
        0.019315346548942996,
        0.11976012288463495
      ],
      "std": 0.11998137022897118,
      "interpretation": "No degree-community relationship - no correlation with centers",
      "description": "How well actual node degrees correlate with universe degree centers"
    },
    "overall": {
      "score": 0.6644874119239489,
      "interpretation": "Moderate overall consistency - family shows some structural preservation",
      "description": "Weighted average of all consistency metrics"
    },
    "community_coverage": {
      "total_unique_communities": 5,
      "universe_communities": 5,
      "coverage_fraction": 1.0,
      "community_usage": {
        "0": 10,
        "1": 12,
        "2": 9,
        "3": 10,
        "4": 9
      },
      "avg_usage_per_community": 10.0,
      "usage_std": 1.0954451150103321,
      "min_usage": 9,
      "max_usage": 12,
      "communities_in_all_graphs": [
        1
      ],
      "rarely_used_communities": []
    }
  },
  "community_signals": {
    "degree_signals": {
      "mean": 0.2903255790620342,
      "std": 0.03352814601565897,
      "min": 0.21842105263157893,
      "max": 0.34093567251461987,
      "individual_values": [
        0.24705882352941178,
        0.3036842105263158,
        0.34093567251461987,
        0.26764705882352946,
        0.29705882352941176,
        0.3019607843137255,
        0.3231578947368421,
        0.2868421052631579,
        0.2705882352941177,
        0.21842105263157893,
        0.2977941176470588,
        0.3287581699346406
      ]
    },
    "structure_signals": {
      "mean": 0.13248778010704718,
      "std": 0.10555004010812481,
      "min": 0.0017442237066426318,
      "max": 0.4012209495712179,
      "individual_values": [
        0.07651506173907403,
        0.10262773397661229,
        0.07412455936796453,
        0.1168773305152552,
        0.15955751900963222,
        0.4012209495712179,
        0.001822845842395302,
        0.0981943308614485,
        0.11111410272283617,
        0.24388424239212636,
        0.202170461579361,
        0.0017442237066426318
      ]
    },
    "feature_signals": {
      "mean": 0.7536652202406201,
      "std": 0.08955840618594316,
      "min": 0.5571428571428572,
      "max": 0.8834224598930481,
      "individual_values": [
        0.7378697691197691,
        0.8168803418803419,
        0.8695906432748538,
        0.5571428571428572,
        0.71005661005661,
        0.6901515151515152,
        0.8659932659932661,
        0.7116666666666667,
        0.739105339105339,
        0.7031746031746031,
        0.7589285714285714,
        0.8834224598930481
      ]
    }
  },
  "model_results": {
    "community": {
      "gcn": {
        "test_metrics": {
          "accuracy": 0.45112781954887216,
          "precision_macro": 0.26223746459966935,
          "precision_weighted": 0.3054299420855575,
          "recall_macro": 0.3785088654372313,
          "recall_weighted": 0.45112781954887216,
          "f1_macro": 0.3075361515107076,
          "f1_weighted": 0.36152172763003537
        },
        "train_time": 1.3838095664978027,
        "success": true
      },
      "sage": {
        "test_metrics": {
          "accuracy": 0.849624060150376,
          "precision_macro": 0.6914784371746397,
          "precision_weighted": 0.7756305835276996,
          "recall_macro": 0.7629401627402908,
          "recall_weighted": 0.849624060150376,
          "f1_macro": 0.7191763281998121,
          "f1_weighted": 0.8043378338262696
        },
        "train_time": 1.077709436416626,
        "success": true
      },
      "mlp": {
        "test_metrics": {
          "accuracy": 0.9022556390977443,
          "precision_macro": 0.9188240758791085,
          "precision_weighted": 0.9128328147563065,
          "recall_macro": 0.8720765070508131,
          "recall_weighted": 0.9022556390977443,
          "f1_macro": 0.8820126475223926,
          "f1_weighted": 0.8989634226305835
        },
        "train_time": 1.0578069686889648,
        "success": true
      },
      "rf": {
        "test_metrics": {
          "accuracy": 0.8345864661654135,
          "precision_macro": 0.8619560784814345,
          "precision_weighted": 0.8546364848302286,
          "recall_macro": 0.7784206460355794,
          "recall_weighted": 0.8345864661654135,
          "f1_macro": 0.7757959303088082,
          "f1_weighted": 0.8188920062026681
        },
        "train_time": 0.324934720993042,