{
  "density": 0.04774083546462063,
  "node_count": 69,
  "avg_degree": 3.246376811594203,
  "homophily": 0.08928571428571429,
  "clustering_coefficient": 0.025120772946859903,
  "power_law_exponent": 3.1546055149738925,
  "connected_components": 1,
  "largest_component_size": 69
}