{
  "node_count": 154,
  "edge_count": 1086,
  "density": 0.09218232747644513,
  "avg_degree": 14.103896103896103,
  "clustering_coefficient": 0.30237250005568694,
  "triangle_count": 1622.0,
  "triangle_density": 0.002717354884537547,
  "homophily": 0.07550644567219153,
  "power_law_exponent": 0.8765594969010453,
  "connected_components": 1,
  "largest_component_size": 154,
  "avg_communities_per_node": 1.0,
  "intra_community_density": 0.09468822170900693,
  "inter_community_density": 0.09198350893266148,
  "empirical_homophily": 0.014489139662702152
}