{
  "node_count": 134,
  "edge_count": 495,
  "density": 0.055549321063853664,
  "avg_degree": 7.388059701492537,
  "clustering_coefficient": 0.08501363761720257,
  "triangle_count": 113.0,
  "triangle_density": 0.00028820354821925917,
  "homophily": 0.2080808080808081,
  "power_law_exponent": 0.5860863474918541,
  "connected_components": 1,
  "largest_component_size": 134,
  "avg_communities_per_node": 1.0,
  "intra_community_density": 0.1358839050131926,
  "inter_community_density": 0.04808046117993377,
  "empirical_homophily": 0.47728506150524014
}