{
  "node_count": 60,
  "edge_count": 247,
  "density": 0.13954802259887006,
  "avg_degree": 8.233333333333333,
  "clustering_coefficient": 0.6965750894272565,
  "triangle_count": 484.0,
  "triangle_density": 0.014143775569842197,
  "homophily": 1.0,
  "power_law_exponent": 0.543635820173278,
  "connected_components": 4,
  "largest_component_size": 21,
  "avg_communities_per_node": 1.0,
  "intra_community_density": 0.5334773218142549,
  "inter_community_density": 0.0,
  "empirical_homophily": 1.0
}