{
  "node_count": 174,
  "edge_count": 1169,
  "avg_degree": 13.436781609195402,
  "avg_communities_per_node": 1.0,
  "clustering_coefficient": 0.07538354910616916,
  "triangle_count": 406.0,
  "triangle_density": 0.00047049334587982255,
  "homophily": 0.09409751924721985,
  "power_law_exponent": -0.27776209212752256,
  "density": 0.07766925785662082,
  "connected_components": 1,
  "largest_component_size": 1.0
}