{
  "run_id": 0,
  "timestamp": "20250526_131726",
  "config_path": "multi_inductive_results\\multi_inductive_20250526_131652\\run_0000",
  "sweep_parameters": {
    "universe_homophily": 0.0,
    "universe_edge_density": 0.01
  },
  "random_parameters": {
    "homophily_range_0": 0.11236203565420874,
    "density_range_0": 0.04753571532049581,
    "degree_heterogeneity": 0.7587945476302645,
    "edge_noise": 0.17959754525911098,
    "cluster_count_factor": 0.565231688752142,
    "center_variance": 0.08499489191350384,
    "cluster_variance": 0.07613762547568977,
    "assignment_skewness": 0.6929409166199482,
    "community_exclusivity": 0.8005575058716043,
    "universe_randomness_factor": 0.35403628889802274,
    "max_mean_community_deviation": 0.055146123573950614,
    "max_max_community_deviation": 0.4879639408647978,
    "community_imbalance_range_0": 0.41622132040021087,
    "degree_separation_range_0": 0.24863737747479334,
    "power_law_exponent_range_0": 2.354554954089941
  },
  "all_parameters": {
    "universe_homophily": 0.0,
    "universe_edge_density": 0.01,
    "homophily_range_0": 0.11236203565420874,
    "density_range_0": 0.04753571532049581,
    "degree_heterogeneity": 0.7587945476302645,
    "edge_noise": 0.17959754525911098,
    "cluster_count_factor": 0.565231688752142,
    "center_variance": 0.08499489191350384,
    "cluster_variance": 0.07613762547568977,
    "assignment_skewness": 0.6929409166199482,
    "community_exclusivity": 0.8005575058716043,
    "universe_randomness_factor": 0.35403628889802274,
    "max_mean_community_deviation": 0.055146123573950614,
    "max_max_community_deviation": 0.4879639408647978,
    "community_imbalance_range_0": 0.41622132040021087,
    "degree_separation_range_0": 0.24863737747479334,
    "power_law_exponent_range_0": 2.354554954089941
  },
  "family_stats": {
    "n_graphs": 10,
    "node_counts": [
      114,
      82,
      80,
      114,
      111,
      101,
      79,
      82,
      99,
      104
    ],
    "edge_counts": [
      312,
      161,
      105,
      388,
      299,
      159,
      133,
      113,
      236,
      177
    ],
    "densities": [
      0.04843968327899394,
      0.04847937368262571,
      0.03322784810126582,
      0.06023909330849247,
      0.04897624897624898,
      0.031485148514851485,
      0.04316780266147355,
      0.0340258958145137,
      0.04864976293547722,
      0.0330470500373413
    ],
    "avg_degrees": [
      5.473684210526316,
      3.926829268292683,
      2.625,
      6.807017543859649,
      5.387387387387387,
      3.1485148514851486,
      3.367088607594937,
      2.7560975609756095,
      4.767676767676767,
      3.4038461538461537
    ],
    "community_counts": [
      3,
      4,
      4,
      3,
      3,
      4,
      3,
      3,
      3,
      5
    ],
    "node_counts_mean": 96.6,
    "node_counts_std": 13.8,
    "node_counts_min": 79,
    "node_counts_max": 114,
    "edge_counts_mean": 208.3,
    "edge_counts_std": 91.16474099124068,
    "edge_counts_min": 105,
    "edge_counts_max": 388,
    "densities_mean": 0.04297379073112842,
    "densities_std": 0.009122166442821013,
    "densities_min": 0.031485148514851485,
    "densities_max": 0.06023909330849247,
    "avg_degrees_mean": 4.1663142351644655,
    "avg_degrees_std": 1.3119807623921236,
    "avg_degrees_min": 2.625,
    "avg_degrees_max": 6.807017543859649,
    "community_counts_mean": 3.5,
    "community_counts_std": 0.6708203932499369,
    "community_counts_min": 3,
    "community_counts_max": 5
  },
  "model_results": {
    "community": {
      "gcn_accuracy": 0.6113989637305699,
      "gcn_f1_macro": 0.4470376092186906,
      "gcn_train_time": 6.116637468338013,
      "sage_accuracy": 0.6735751295336787,
      "sage_f1_macro": 0.48692602040816324,
      "sage_train_time": 1.872633695602417,
      "mlp_accuracy": 0.616580310880829,
      "mlp_f1_macro": 0.5840981240981241,
      "mlp_train_time": 0.7027037143707275,
      "rf_accuracy": 0.5854922279792746,
      "rf_f1_macro": 0.5423924775442255,
      "rf_train_time": 0.2991771697998047
    }
  },
  "total_time": 34.09925055503845,
  "n_graphs": 10,
  "universe_K": 5,
  "tasks": [
    "community"
  ],
  "models_run": [
    "gcn",
    "sage",
    "mlp",
    "rf"
  ]
}