{
  "density": 0.1442241968557758,
  "node_count": 133,
  "avg_degree": 19.037593984962406,
  "homophily": 0.3665086887835703,
  "clustering_coefficient": 0.2765459855031966,
  "power_law_exponent": -0.13098816651635511,
  "connected_components": 1,
  "largest_component_size": 133
}