{
  "run_id": 20,
  "timestamp": "20250527_100815",
  "config_path": "results/sweep_experiments\\homophily_density_sweep_20250527_100302\\run_0020",
  "sweep_parameters": {
    "universe_homophily": 0.7,
    "universe_edge_density": 0.1
  },
  "random_parameters": {
    "homophily_range_width": 0.010126413126962497,
    "density_range_width": 0.024455375398279234,
    "degree_heterogeneity": 0.692259568096618,
    "edge_noise": 0.0822803999619549
  },
  "all_parameters": {
    "universe_homophily": 0.7,
    "universe_edge_density": 0.1,
    "homophily_range_width": 0.010126413126962497,
    "density_range_width": 0.024455375398279234,
    "degree_heterogeneity": 0.692259568096618,
    "edge_noise": 0.0822803999619549
  },
  "method": "dc_sbm",
  "degree_distribution": "standard",
  "family_properties": {
    "n_graphs": 12,
    "node_counts": [
      98,
      93,
      100,
      87,
      84,
      91,
      93,
      97,
      85,
      91,
      87,
      83
    ],
    "edge_counts": [
      1287,
      867,
      1069,
      495,
      718,
      828,
      851,
      906,
      921,
      1175,
      998,
      595
    ],
    "community_counts": [
      3,
      5,
      5,
      5,
      5,
      4,
      5,
      4,
      4,
      3,
      4,
      4
    ],
    "node_counts_mean": 90.75,
    "node_counts_std": 5.4333077709010125,
    "node_counts_min": 83.0,
    "node_counts_max": 100.0,
    "edge_counts_mean": 892.5,
    "edge_counts_std": 216.45034072507255,
    "edge_counts_min": 495.0,
    "edge_counts_max": 1287.0,
    "community_counts_mean": 4.25,
    "community_counts_std": 0.7216878364870323,
    "community_counts_min": 3.0,
    "community_counts_max": 5.0
  },
  "family_consistency": {
    "pattern_preservation": {
      "score": 0.8428680605784479,
      "individual_correlations": [
        0.8783100656536799,
        0.8183170883849713,
        0.8190487086369508,
        0.8197822947299412,
        0.8183170883849713,
        0.8528028654224415,
        0.8183170883849713,
        0.8528028654224415,
        0.8528028654224415,
        0.8783100656536799,
        0.8528028654224415,
        0.8528028654224415
      ],
      "std": 0.022200484233844797,
      "interpretation": "Excellent pattern preservation - rank ordering strongly maintained",
      "description": "How well rank ordering of community connections is preserved relative to universe"
    },
    "generation_fidelity": {
      "score": 0.9945479129475578,
      "individual_scores": [
        0.9968981937161304,
        0.9993955211504886,
        0.998374400701002,
        0.9629831099240541,
        0.9974644837432388,
        0.998070939633813,
        0.9990693199684666,
        0.9951056756832869,
        0.9997073996768424,
        0.9967799301996689,
        0.9964104552550334,
        0.9943155257186704
      ],
      "std": 0.009647104567222658,
      "interpretation": "Excellent generation fidelity - graphs closely match targets",
      "description": "How well graphs match their scaled probability targets (P_sub)"
    },
    "degree_consistency": {
      "score": 0.13616017683981257,
      "individual_scores": [
        0.2952949885488543,
        0.4123790534506457,
        0.1252446668316307,
        -0.507608713398932,
        0.3180648549164186,
        -0.1801224998744903,
        0.38379280110290687,
        0.3062266519244734,
        0.7263961310174324,
        -0.4732325709577739,
        0.7006601730158052,
        -0.4731734144992201
      ],
      "std": 0.4232052819873323,
      "interpretation": "No degree-community relationship - no correlation with centers",
      "description": "How well actual node degrees correlate with universe degree centers"
    },
    "overall": {
      "score": 0.7621984247783649,
      "interpretation": "Moderate overall consistency - family shows some structural preservation",
      "description": "Weighted average of all consistency metrics"
    },
    "community_coverage": {
      "total_unique_communities": 5,
      "universe_communities": 5,
      "coverage_fraction": 1.0,
      "community_usage": {
        "0": 10,
        "2": 12,
        "4": 10,
        "1": 10,
        "3": 9
      },
      "avg_usage_per_community": 10.2,
      "usage_std": 0.9797958971132712,
      "min_usage": 9,
      "max_usage": 12,
      "communities_in_all_graphs": [
        2
      ],
      "rarely_used_communities": []
    }
  },
  "community_signals": {
    "degree_signals": {
      "mean": 0.44165935672514617,
      "std": 0.10954879789669189,
      "min": 0.2964912280701754,
      "max": 0.7359477124183007,
      "individual_values": [
        0.4094736842105263,
        0.38654970760233914,
        0.5,
        0.3901960784313726,
        0.4875,
        0.2964912280701754,
        0.33216374269005844,
        0.40315789473684205,
        0.5294117647058824,
        0.4415204678362573,
        0.7359477124183007,
        0.3875
      ]
    },
    "structure_signals": {
      "mean": 1.929105655577204,
      "std": 0.438007248409913,
      "min": 1.0257714153190436,
      "max": 2.5122447765468117,
      "individual_values": [
        1.1899844935098003,
        2.480797180394417,
        2.364103872695277,
        2.0268025208932037,
        2.5122447765468117,
        1.7802174308600103,
        2.15322754908068,
        1.9269545188652577,
        1.8561053310095137,
        1.0257714153190436,
        2.0131216462692585,
        1.8199371314831754
      ]
    },
    "feature_signals": {
      "mean": 0.830963971242609,
      "std": 0.07853302567551135,
      "min": 0.6702380952380953,
      "max": 0.9260461760461761,
      "individual_values": [
        0.8958548331613346,
        0.8847619047619049,
        0.6977777777777778,
        0.8488888888888889,
        0.7613275613275612,
        0.8506787330316742,
        0.8341991341991342,
        0.9013720197930724,
        0.8890977443609023,
        0.9260461760461761,
        0.6702380952380953,
        0.8113247863247863
      ]
    }
  },
  "model_results": {
    "community": {
      "gcn": {
        "test_metrics": {
          "accuracy": 1.0,
          "precision_macro": 1.0,
          "precision_weighted": 1.0,
          "recall_macro": 1.0,
          "recall_weighted": 1.0,
          "f1_macro": 1.0,
          "f1_weighted": 1.0
        },
        "train_time": 1.835578441619873,
        "success": true
      },
      "sage": {
        "test_metrics": {
          "accuracy": 1.0,
          "precision_macro": 1.0,
          "precision_weighted": 1.0,
          "recall_macro": 1.0,
          "recall_weighted": 1.0,
          "f1_macro": 1.0,
          "f1_weighted": 1.0
        },
        "train_time": 1.2191753387451172,
        "success": true
      },
      "mlp": {
        "test_metrics": {
          "accuracy": 0.920863309352518,
          "precision_macro": 0.9269920158912004,
          "precision_weighted": 0.9267214072358837,
          "recall_macro": 0.9218050551139043,
          "recall_weighted": 0.920863309352518,
          "f1_macro": 0.9214213137742548,
          "f1_weighted": 0.9206605419364623
        },
        "train_time": 1.3558344841003418,
        "success": true
      },
      "rf": {
        "test_metrics": {
          "accuracy": 0.7841726618705036,
          "precision_macro": 0.8279643303923534,
          "precision_weighted": 0.8236153599356267,
          "recall_macro": 0.7700795206094864,
          "recall_weighted": 0.7841726618705036,
          "f1_macro": 0.7589768141305524,
          "f1_weighted": 0.7679424867676313
        },
        "train_time": 0.33080291748046875,
        "success": true
      }
    }
  },
  "total_time": 13.83830714225769,
  "n_graphs": 12,
  "universe_K": 5,
  "tasks": [
    "community"
  ]
}