{
  "node_count": 94,
  "edge_count": 287,
  "avg_degree": 6.1063829787234045,
  "avg_communities_per_node": 1.0,
  "clustering_coefficient": 0.0644246415523011,
  "triangle_count": 31.0,
  "triangle_density": 0.00023126734505087883,
  "homophily": 0.041811846689895474,
  "power_law_exponent": -0.5824617287278422,
  "density": 0.06566003202928392,
  "connected_components": 1,
  "largest_component_size": 1.0
}