{
  "node_count": 94,
  "edge_count": 149,
  "avg_degree": 3.1702127659574466,
  "avg_communities_per_node": 1.0,
  "clustering_coefficient": 0.03470111448834853,
  "triangle_count": 6.0,
  "triangle_density": 4.476142162275074e-05,
  "homophily": 0.3221476510067114,
  "power_law_exponent": 0.6913480382957572,
  "density": 0.0340883093113704,
  "connected_components": 1,
  "largest_component_size": 1.0
}