{
  "density": 0.07056451612903226,
  "node_count": 32,
  "avg_degree": 2.1875,
  "homophily": 0.42857142857142855,
  "clustering_coefficient": 0.0,
  "power_law_exponent": 1.9983572832166323,
  "connected_components": 1,
  "largest_component_size": 32
}