{
  "density": 0.09411764705882353,
  "node_count": 120,
  "avg_degree": 11.2,
  "homophily": 0.2857142857142857,
  "clustering_coefficient": 0.10561085135195034,
  "power_law_exponent": -0.1276636154034297,
  "connected_components": 1,
  "largest_component_size": 120
}