{
  "community--gcn": {
    "train": {
      "accuracy": 0.673469387755102,
      "f1_macro": 0.6863111547322073,
      "roc_auc": 0.0
    },
    "val": {
      "accuracy": 0.375,
      "f1_macro": 0.31851851851851853,
      "roc_auc": 0.0
    },
    "test": {
      "accuracy": 0.17647058823529413,
      "f1_macro": 0.10493827160493827,
      "roc_auc": 0.0
    },
    "train_time": 6.060686826705933
  },
  "community--sage": {
    "train": {
      "accuracy": 1.0,
      "f1_macro": 1.0,
      "roc_auc": 0.0
    },
    "val": {
      "accuracy": 0.3125,
      "f1_macro": 0.33544973544973544,
      "roc_auc": 0.0
    },
    "test": {
      "accuracy": 0.17647058823529413,
      "f1_macro": 0.11904761904761904,
      "roc_auc": 0.0
    },
    "train_time": 5.413204669952393
  },
  "community--mlp": {
    "train": {
      "accuracy": 1.0,
      "f1_macro": 1.0,
      "roc_auc": 0.0
    },
    "val": {
      "accuracy": 0.125,
      "f1_macro": 0.14814814814814814,
      "roc_auc": 0.0
    },
    "test": {
      "accuracy": 0.11764705882352941,
      "f1_macro": 0.09259259259259259,
      "roc_auc": 0.0
    },
    "train_time": 5.813962697982788
  },
  "community--rf": {
    "train": {
      "accuracy": 1.0,
      "f1_macro": 1.0,
      "roc_auc": 1.0
    },
    "val": {
      "accuracy": 0.1875,
      "f1_macro": 0.08641975308641975,
      "roc_auc": 0.0
    },
    "test": {
      "accuracy": 0.35294117647058826,
      "f1_macro": 0.36137566137566135,
      "roc_auc": 0.0
    },
    "train_time": 0.1349468231201172
  },
  "k_hop_community_counts--gcn": {
    "train": {
      "mse": 1.3089768886566162,
      "r2": 0.45476388931274414
    },
    "val": {
      "mse": 1.6111032962799072,
      "r2": 0.1560673713684082
    },
    "test": {
      "mse": 2.476983070373535,
      "r2": -0.06058704853057861
    },
    "train_time": 1.563002109527588
  },
  "k_hop_community_counts--sage": {
    "train": {
      "mse": 1.0705877542495728,
      "r2": 0.5540615320205688
    },
    "val": {
      "mse": 1.5480772256851196,
      "r2": 0.1890818476676941
    },
    "test": {
      "mse": 2.8740742206573486,
      "r2": -0.23061227798461914
    },
    "train_time": 1.1218500137329102
  },
  "k_hop_community_counts--mlp": {
    "train": {
      "mse": 1.418572187423706,
      "r2": 0.40911346673965454
    },
    "val": {
      "mse": 1.8138939142227173,
      "r2": 0.04984104633331299
    },
    "test": {
      "mse": 2.5365116596221924,
      "r2": -0.0860757827758789
    },
    "train_time": 0.7891216278076172
  },
  "k_hop_community_counts--rf": {
    "train": {
      "mse": 0.2740832199546485,
      "r2": 0.8855749810196808
    },
    "val": {
      "mse": 2.3143124999999998,
      "r2": -0.22076740327625033
    },
    "test": {
      "mse": 2.327395424836601,
      "r2": -0.0030930804170508086
    },
    "train_time": 0.16300129890441895
  }
}