{
  "node_count": 176,
  "edge_count": 2263,
  "avg_degree": 25.71590909090909,
  "avg_communities_per_node": 1.0,
  "clustering_coefficient": 0.15001791866004185,
  "triangle_count": 2889.0,
  "triangle_density": 0.003234437975817286,
  "homophily": 0.07202828104286346,
  "power_law_exponent": -0.042754654732714004,
  "density": 0.14694805194805194,
  "connected_components": 1,
  "largest_component_size": 1.0
}