{
  "run_id": 19,
  "timestamp": "20250527_100801",
  "config_path": "results/sweep_experiments\\homophily_density_sweep_20250527_100302\\run_0019",
  "sweep_parameters": {
    "universe_homophily": 0.7,
    "universe_edge_density": 0.05
  },
  "random_parameters": {
    "homophily_range_width": 0.24734084277398452,
    "density_range_width": 0.009067486624859988,
    "degree_heterogeneity": 0.7141287377449368,
    "edge_noise": 0.09991026146932785
  },
  "all_parameters": {
    "universe_homophily": 0.7,
    "universe_edge_density": 0.05,
    "homophily_range_width": 0.24734084277398452,
    "density_range_width": 0.009067486624859988,
    "degree_heterogeneity": 0.7141287377449368,
    "edge_noise": 0.09991026146932785
  },
  "method": "dc_sbm",
  "degree_distribution": "standard",
  "family_properties": {
    "n_graphs": 12,
    "node_counts": [
      83,
      87,
      86,
      98,
      85,
      99,
      81,
      97,
      80,
      86,
      81,
      99
    ],
    "edge_counts": [
      716,
      185,
      212,
      544,
      288,
      377,
      276,
      948,
      751,
      555,
      725,
      638
    ],
    "community_counts": [
      5,
      4,
      5,
      4,
      5,
      5,
      5,
      4,
      3,
      3,
      4,
      3
    ],
    "node_counts_mean": 88.5,
    "node_counts_std": 7.216878364870322,
    "node_counts_min": 80.0,
    "node_counts_max": 99.0,
    "edge_counts_mean": 517.9166666666666,
    "edge_counts_std": 236.91716496606057,
    "edge_counts_min": 185.0,
    "edge_counts_max": 948.0,
    "community_counts_mean": 4.166666666666667,
    "community_counts_std": 0.7993052538854533,
    "community_counts_min": 3.0,
    "community_counts_max": 5.0
  },
  "family_consistency": {
    "pattern_preservation": {
      "score": 0.8452999841227847,
      "individual_correlations": [
        0.8183170883849713,
        0.8528028654224415,
        0.8190487086369508,
        0.8528028654224415,
        0.8190487086369508,
        0.8219949365267863,
        0.8190487086369508,
        0.8528028654224415,
        0.8783100656536799,
        0.8783100656536799,
        0.8528028654224415,
        0.8783100656536799
      ],
      "std": 0.023862033405539315,
      "interpretation": "Excellent pattern preservation - rank ordering strongly maintained",
      "description": "How well rank ordering of community connections is preserved relative to universe"
    },
    "generation_fidelity": {
      "score": 0.987118950275007,
      "individual_scores": [
        0.9958395842139784,
        0.9635596411170362,
        0.9719058507949734,
        0.9768587666727059,
        0.9846192302390102,
        0.9975587998179405,
        0.9737638447430488,
        0.9968884178733367,
        0.9954072844697324,
        0.9935913712773874,
        0.9959253985229575,
        0.9995092135579765
      ],
      "std": 0.011897133897229774,
      "interpretation": "Excellent generation fidelity - graphs closely match targets",
      "description": "How well graphs match their scaled probability targets (P_sub)"
    },
    "degree_consistency": {
      "score": -0.029819813646379204,
      "individual_scores": [
        0.0017625400605275829,
        0.02834406561859904,
        -0.0694992452470928,
        -0.3618005067083008,
        -0.2394562740518744,
        0.008741404365377629,
        0.12477321212191803,
        0.29203905494018756,
        -0.17547492021551706,
        -0.14860910718209053,
        0.30271309812339825,
        -0.12137108558168296
      ],
      "std": 0.19221922095969068,
      "interpretation": "Score out of expected range",
      "description": "How well actual node degrees correlate with universe degree centers"
    },
    "overall": {
      "score": 0.727003611029841,
      "interpretation": "Moderate overall consistency - family shows some structural preservation",
      "description": "Weighted average of all consistency metrics"
    },
    "community_coverage": {
      "total_unique_communities": 5,
      "universe_communities": 5,
      "coverage_fraction": 1.0,
      "community_usage": {
        "0": 12,
        "1": 8,
        "2": 9,
        "3": 11,
        "4": 10
      },
      "avg_usage_per_community": 10.0,
      "usage_std": 1.4142135623730951,
      "min_usage": 8,
      "max_usage": 12,
      "communities_in_all_graphs": [
        0
      ],
      "rarely_used_communities": []
    }
  },
  "community_signals": {
    "degree_signals": {
      "mean": 0.37201539387684907,
      "std": 0.0972943920226873,
      "min": 0.21157894736842103,
      "max": 0.5625,
      "individual_values": [
        0.2404411764705882,
        0.3908496732026144,
        0.4183006535947712,
        0.52,
        0.3058823529411765,
        0.21157894736842103,
        0.4073529411764706,
        0.3310526315789474,
        0.5625,
        0.3830065359477124,
        0.37058823529411766,
        0.3226315789473684
      ]
    },
    "structure_signals": {
      "mean": 1.9741776768980737,
      "std": 0.46301665484161125,
      "min": 1.277900577692575,
      "max": 2.9032745134403077,
      "individual_values": [
        1.277900577692575,
        2.193290162704386,
        1.9666338549298235,
        2.107180479872717,
        1.857195266923459,
        2.7343990772858016,
        2.9032745134403077,
        1.658497624478337,
        2.1682105349489023,
        1.4791257605784016,
        1.7073299428093338,
        1.6370943271128402
      ]
    },
    "feature_signals": {
      "mean": 0.8373734188498121,
      "std": 0.0764299171944266,
      "min": 0.7206060606060605,
      "max": 0.9628482972136223,
      "individual_values": [
        0.791181041181041,
        0.8465909090909092,
        0.7206060606060605,
        0.8481934731934732,
        0.761010101010101,
        0.9017316017316016,
        0.8,
        0.754367201426025,
        0.9628482972136223,
        0.9628482972136223,
        0.8043672014260249,
        0.8947368421052632
      ]
    }
  },
  "model_results": {
    "community": {
      "gcn": {
        "test_metrics": {
          "accuracy": 0.9811320754716981,
          "precision_macro": 0.9686105561105561,
          "precision_weighted": 0.9813341532681155,
          "recall_macro": 0.9692077208676204,
          "recall_weighted": 0.9811320754716981,
          "f1_macro": 0.9688029514345304,
          "f1_weighted": 0.9810993012283974
        },
        "train_time": 1.185922622680664,
        "success": true
      },
      "sage": {
        "test_metrics": {
          "accuracy": 0.969811320754717,
          "precision_macro": 0.9741155396327809,
          "precision_weighted": 0.971959205400975,
          "recall_macro": 0.8846038604338101,
          "recall_weighted": 0.969811320754717,
          "f1_macro": 0.9084819230897005,
          "f1_weighted": 0.9661986069396931
        },
        "train_time": 0.827054500579834,
        "success": true
      },
      "mlp": {
        "test_metrics": {
          "accuracy": 0.9283018867924528,
          "precision_macro": 0.9366941075801837,
          "precision_weighted": 0.932827549808682,
          "recall_macro": 0.9033546880006998,
          "recall_weighted": 0.9283018867924528,
          "f1_macro": 0.9155355801026749,
          "f1_weighted": 0.9276094907910645
        },
        "train_time": 1.0778367519378662,
        "success": true
      },
      "rf": {
        "test_metrics": {
          "accuracy": 0.8679245283018868,
          "precision_macro": 0.8923833975181857,
          "precision_weighted": 0.8806959414182026,
          "recall_macro": 0.8220527403832161,
          "recall_weighted": 0.8679245283018868,
          "f1_macro": 0.8433983921845014,
          "f1_weighted": 0.8671315067399471
        },
        "train_time": 0.320697546005249,
        "success": true
      }
    }
  },
  "total_time": 13.570127725601196,
  "n_graphs": 12,
  "universe_K": 5,
  "tasks": [
    "community"
  ]
}