{
  "density": 0.06715126341294565,
  "node_count": 108,
  "avg_degree": 7.185185185185185,
  "homophily": 0.0,
  "clustering_coefficient": 0.0974794481043764,
  "power_law_exponent": 0.9402544951224993,
  "connected_components": 1,
  "largest_component_size": 108
}