{
  "run_id": 16,
  "timestamp": "20250527_100714",
  "config_path": "results/sweep_experiments\\homophily_density_sweep_20250527_100302\\run_0016",
  "sweep_parameters": {
    "universe_homophily": 0.5,
    "universe_edge_density": 0.15000000000000002
  },
  "random_parameters": {
    "homophily_range_width": 0.10953167490680817,
    "density_range_width": 0.022560295794666896,
    "degree_heterogeneity": 0.4472422441374527,
    "edge_noise": 0.015124413319027386
  },
  "all_parameters": {
    "universe_homophily": 0.5,
    "universe_edge_density": 0.15000000000000002,
    "homophily_range_width": 0.10953167490680817,
    "density_range_width": 0.022560295794666896,
    "degree_heterogeneity": 0.4472422441374527,
    "edge_noise": 0.015124413319027386
  },
  "method": "dc_sbm",
  "degree_distribution": "standard",
  "family_properties": {
    "n_graphs": 12,
    "node_counts": [
      83,
      96,
      92,
      89,
      82,
      80,
      88,
      85,
      89,
      100,
      86,
      99
    ],
    "edge_counts": [
      820,
      968,
      903,
      953,
      682,
      569,
      1003,
      962,
      1125,
      1325,
      856,
      735
    ],
    "community_counts": [
      3,
      4,
      3,
      5,
      4,
      5,
      4,
      4,
      3,
      3,
      5,
      4
    ],
    "node_counts_mean": 89.08333333333333,
    "node_counts_std": 6.264427791550921,
    "node_counts_min": 80.0,
    "node_counts_max": 100.0,
    "edge_counts_mean": 908.4166666666666,
    "edge_counts_std": 192.5575491177176,
    "edge_counts_min": 569.0,
    "edge_counts_max": 1325.0,
    "community_counts_mean": 3.9166666666666665,
    "community_counts_std": 0.759202798262025,
    "community_counts_min": 3.0,
    "community_counts_max": 5.0
  },
  "family_consistency": {
    "pattern_preservation": {
      "score": 0.8526838212401534,
      "individual_correlations": [
        0.8783100656536799,
        0.8528028654224415,
        0.8783100656536799,
        0.8183170883849713,
        0.8528028654224415,
        0.8183170883849713,
        0.8528028654224415,
        0.8528028654224415,
        0.8783100656536799,
        0.8783100656536799,
        0.8183170883849713,
        0.8528028654224415
      ],
      "std": 0.02267543724306881,
      "interpretation": "Excellent pattern preservation - rank ordering strongly maintained",
      "description": "How well rank ordering of community connections is preserved relative to universe"
    },
    "generation_fidelity": {
      "score": 0.9858047467152714,
      "individual_scores": [
        0.9903996718499681,
        0.9917839541777718,
        0.9849439651727421,
        0.9734282800998965,
        0.9788997772604142,
        0.9737974284917512,
        0.9957463220389055,
        0.9877790757267472,
        0.9985898825321455,
        0.9787366168092209,
        0.9942597883315678,
        0.9812921980921272
      ],
      "std": 0.008219074870422062,
      "interpretation": "Excellent generation fidelity - graphs closely match targets",
      "description": "How well graphs match their scaled probability targets (P_sub)"
    },
    "degree_consistency": {
      "score": -0.09075804739006758,
      "individual_scores": [
        0.03152007171683523,
        -0.007781232912398343,
        -0.17047165992032048,
        0.000320253503864585,
        -0.276426672755288,
        -0.4067952176826811,
        0.04580869293986117,
        -0.19665978023518593,
        0.358250443333726,
        0.1502101798898538,
        -0.37780182651547534,
        -0.23926982004360245
      ],
      "std": 0.21695406179589116,
      "interpretation": "Score out of expected range",
      "description": "How well actual node degrees correlate with universe degree centers"
    },
    "overall": {
      "score": 0.7172438177041564,
      "interpretation": "Moderate overall consistency - family shows some structural preservation",
      "description": "Weighted average of all consistency metrics"
    },
    "community_coverage": {
      "total_unique_communities": 5,
      "universe_communities": 5,
      "coverage_fraction": 1.0,
      "community_usage": {
        "2": 10,
        "3": 9,
        "4": 10,
        "0": 10,
        "1": 8
      },
      "avg_usage_per_community": 9.4,
      "usage_std": 0.8,
      "min_usage": 8,
      "max_usage": 10,
      "communities_in_all_graphs": [],
      "rarely_used_communities": []
    }
  },
  "community_signals": {
    "degree_signals": {
      "mean": 0.3681364665749341,
      "std": 0.07135853820935421,
      "min": 0.23660130718954248,
      "max": 0.484313725490196,
      "individual_values": [
        0.3955882352941177,
        0.45999999999999996,
        0.39181286549707595,
        0.23660130718954248,
        0.4279411764705882,
        0.3875,
        0.3065359477124183,
        0.2823529411764706,
        0.484313725490196,
        0.35000000000000003,
        0.3013071895424837,
        0.3936842105263158
      ]
    },
    "structure_signals": {
      "mean": 0.6286638239012347,
      "std": 0.25310921719453033,
      "min": 0.21258999234315482,
      "max": 0.9996769005590436,
      "individual_values": [
        0.36820426787336774,
        0.376201731261258,
        0.8111862905908497,
        0.4636772410650979,
        0.7415798685038236,
        0.9060623780124486,
        0.9996769005590436,
        0.34132546784689444,
        0.6683298348917067,
        0.21258999234315482,
        0.7471575295475436,
        0.907974384319628
      ]
    },
    "feature_signals": {
      "mean": 0.8426570590933223,
      "std": 0.10781110690235204,
      "min": 0.6761904761904762,
      "max": 1.0,
      "individual_values": [
        0.8214285714285715,
        0.7779973649538867,
        1.0,
        0.7758730158730159,
        0.6761904761904762,
        0.6787878787878787,
        0.8566302118933697,
        1.0,
        0.9274509803921568,
        0.8341307814992026,
        0.7928071928071928,
        0.9705882352941178
      ]
    }
  },
  "model_results": {
    "community": {
      "gcn": {
        "test_metrics": {
          "accuracy": 0.8793774319066148,
          "precision_macro": 0.9322003577817531,
          "precision_weighted": 0.9082053138247148,
          "recall_macro": 0.8760236307515694,
          "recall_weighted": 0.8793774319066148,
          "f1_macro": 0.8914753371245083,
          "f1_weighted": 0.8790296409943528
        },
        "train_time": 3.999504804611206,
        "success": true
      },
      "sage": {
        "test_metrics": {
          "accuracy": 0.9727626459143969,
          "precision_macro": 0.970326147042565,
          "precision_weighted": 0.9728851419512898,
          "recall_macro": 0.9583496629283477,
          "recall_weighted": 0.9727626459143969,
          "f1_macro": 0.9640526535550625,
          "f1_weighted": 0.9726197415079048
        },
        "train_time": 2.1992835998535156,
        "success": true
      },
      "mlp": {
        "test_metrics": {
          "accuracy": 0.933852140077821,
          "precision_macro": 0.9436549207810139,
          "precision_weighted": 0.9352677588177919,
          "recall_macro": 0.9051211697572434,
          "recall_weighted": 0.933852140077821,
          "f1_macro": 0.921026080845215,
          "f1_weighted": 0.9332311570999637
        },
        "train_time": 3.89774227142334,
        "success": true
      },
      "rf": {
        "test_metrics": {
          "accuracy": 0.8599221789883269,
          "precision_macro": 0.8969227898407816,
          "precision_weighted": 0.8730788592189803,
          "recall_macro": 0.7296743026561652,
          "recall_weighted": 0.8599221789883269,
          "f1_macro": 0.7250460875237528,
          "f1_weighted": 0.8340310238605269
        },
        "train_time": 0.6593503952026367,
        "success": true
      }
    }
  },
  "total_time": 20.26382851600647,
  "n_graphs": 12,
  "universe_K": 5,
  "tasks": [
    "community"
  ]
}