{
  "node_count": 93,
  "edge_count": 730,
  "avg_degree": 15.698924731182796,
  "avg_communities_per_node": 1.0,
  "clustering_coefficient": 0.18455733811995298,
  "triangle_count": 696.0,
  "triangle_density": 0.00536350045466455,
  "homophily": 0.08904109589041095,
  "power_law_exponent": 0.4874301167083918,
  "density": 0.17064048620850866,
  "connected_components": 1,
  "largest_component_size": 1.0
}