{
  "density": 0.05110809588421529,
  "node_count": 67,
  "avg_degree": 3.373134328358209,
  "homophily": 0.07964601769911504,
  "clustering_coefficient": 0.027860696517412936,
  "power_law_exponent": -1.6792774355511164,
  "connected_components": 1,
  "largest_component_size": 67
}