{
  "node_count": 137,
  "edge_count": 1367,
  "density": 0.14673679690854444,
  "avg_degree": 19.956204379562045,
  "clustering_coefficient": 0.14720040248518815,
  "triangle_count": 1306.0,
  "triangle_density": 0.0031153093840942704,
  "homophily": 0.1733723482077542,
  "power_law_exponent": -0.024455430365638416,
  "connected_components": 1,
  "largest_component_size": 137,
  "avg_communities_per_node": 1.0,
  "intra_community_density": 0.15695364238410597,
  "inter_community_density": 0.14476044068665128,
  "empirical_homophily": 0.04041310095092634
}