{
  "density": 0.09173435260391782,
  "node_count": 92,
  "avg_degree": 8.347826086956522,
  "homophily": 0.6588541666666666,
  "clustering_coefficient": 0.37882395382395373,
  "power_law_exponent": -1.4310959010155757,
  "connected_components": 1,
  "largest_component_size": 92
}