{
  "run_id": 23,
  "timestamp": "20250527_100904",
  "config_path": "results/sweep_experiments\\homophily_density_sweep_20250527_100302\\run_0023",
  "sweep_parameters": {
    "universe_homophily": 0.7,
    "universe_edge_density": 0.15000000000000002
  },
  "random_parameters": {
    "homophily_range_width": 0.0655935150441618,
    "density_range_width": 0.001570135975129028,
    "degree_heterogeneity": 0.30098769413779236,
    "edge_noise": 0.03452893111104129
  },
  "all_parameters": {
    "universe_homophily": 0.7,
    "universe_edge_density": 0.15000000000000002,
    "homophily_range_width": 0.0655935150441618,
    "density_range_width": 0.001570135975129028,
    "degree_heterogeneity": 0.30098769413779236,
    "edge_noise": 0.03452893111104129
  },
  "method": "dc_sbm",
  "degree_distribution": "standard",
  "family_properties": {
    "n_graphs": 12,
    "node_counts": [
      94,
      100,
      98,
      97,
      92,
      87,
      82,
      80,
      86,
      88,
      93,
      92
    ],
    "edge_counts": [
      901,
      1413,
      1487,
      990,
      1081,
      598,
      979,
      844,
      956,
      956,
      690,
      1303
    ],
    "community_counts": [
      4,
      4,
      3,
      4,
      4,
      3,
      4,
      4,
      5,
      4,
      5,
      3
    ],
    "node_counts_mean": 90.75,
    "node_counts_std": 6.00173586001028,
    "node_counts_min": 80.0,
    "node_counts_max": 100.0,
    "edge_counts_mean": 1016.5,
    "edge_counts_std": 258.05280467377213,
    "edge_counts_min": 598.0,
    "edge_counts_max": 1487.0,
    "community_counts_mean": 3.9166666666666665,
    "community_counts_std": 0.6400954789890507,
    "community_counts_min": 3.0,
    "community_counts_max": 5.0
  },
  "family_consistency": {
    "pattern_preservation": {
      "score": 0.8534320359740062,
      "individual_correlations": [
        0.8528028654224415,
        0.8528028654224415,
        0.8783100656536799,
        0.8528028654224415,
        0.8528028654224415,
        0.8783100656536799,
        0.8528028654224415,
        0.8528028654224415,
        0.8183170883849713,
        0.8528028654224415,
        0.8183170883849713,
        0.8783100656536799
      ],
      "std": 0.018986045664448316,
      "interpretation": "Excellent pattern preservation - rank ordering strongly maintained",
      "description": "How well rank ordering of community connections is preserved relative to universe"
    },
    "generation_fidelity": {
      "score": 0.9971349782195738,
      "individual_scores": [
        0.9933534589309045,
        0.9992278746135423,
        0.9992522074211834,
        0.9998013723252795,
        0.9951804314950177,
        0.9918989558058146,
        0.9994032026824706,
        0.998184137468382,
        0.9989184118869394,
        0.9995248784707191,
        0.991313066120198,
        0.9995617414144333
      ],
      "std": 0.00311488737594638,
      "interpretation": "Excellent generation fidelity - graphs closely match targets",
      "description": "How well graphs match their scaled probability targets (P_sub)"
    },
    "degree_consistency": {
      "score": -0.024309932375762178,
      "individual_scores": [
        -0.39916312718866565,
        0.6518938218577015,
        0.21606176565548174,
        0.5794989119902076,
        -0.18144406244295247,
        -0.12442096052663772,
        -0.2708370589279049,
        -0.4533565582871009,
        -0.4314008194209643,
        -0.09090221330298623,
        0.031520643177075536,
        0.1808304689075996
      ],
      "std": 0.35532347379662627,
      "interpretation": "Score out of expected range",
      "description": "How well actual node degrees correlate with universe degree centers"
    },
    "overall": {
      "score": 0.7353648192022795,
      "interpretation": "Moderate overall consistency - family shows some structural preservation",
      "description": "Weighted average of all consistency metrics"
    },
    "community_coverage": {
      "total_unique_communities": 5,
      "universe_communities": 5,
      "coverage_fraction": 1.0,
      "community_usage": {
        "0": 8,
        "1": 9,
        "3": 11,
        "4": 9,
        "2": 10
      },
      "avg_usage_per_community": 9.4,
      "usage_std": 1.0198039027185568,
      "min_usage": 8,
      "max_usage": 11,
      "communities_in_all_graphs": [],
      "rarely_used_communities": []
    }
  },
  "community_signals": {
    "degree_signals": {
      "mean": 0.42941792798990946,
      "std": 0.08753604569247225,
      "min": 0.29064327485380115,
      "max": 0.5908496732026143,
      "individual_values": [
        0.4152046783625731,
        0.5,
        0.3178947368421053,
        0.5073684210526316,
        0.37953216374269,
        0.4581699346405229,
        0.5,
        0.325,
        0.4771241830065359,
        0.5908496732026143,
        0.29064327485380115,
        0.3912280701754386
      ]
    },
    "structure_signals": {
      "mean": 1.7367409370521913,
      "std": 0.5456415204780164,
      "min": 1.1317968852988427,
      "max": 2.767459621325105,
      "individual_values": [
        1.1317968852988427,
        1.862460127821195,
        1.4455367360499451,
        2.602518772984579,
        1.2022460938138417,
        1.5177988642156672,
        1.6659004399046515,
        1.1852390093867455,
        1.4610163677532462,
        2.467071374258478,
        2.767459621325105,
        1.5318469518139999
      ]
    },
    "feature_signals": {
      "mean": 0.8029644707124993,
      "std": 0.0851553009439427,
      "min": 0.6033333333333333,
      "max": 0.9249164578111948,
      "individual_values": [
        0.8159722222222222,
        0.8619047619047618,
        0.8319865319865319,
        0.8245798319327732,
        0.8252136752136752,
        0.8898550724637682,
        0.8026018099547512,
        0.7808823529411765,
        0.665934065934066,
        0.8083935328517371,
        0.6033333333333333,
        0.9249164578111948
      ]
    }
  },
  "model_results": {
    "community": {
      "gcn": {
        "test_metrics": {
          "accuracy": 0.8943396226415095,
          "precision_macro": 0.6936842105263159,
          "precision_weighted": 0.8486593843098311,
          "recall_macro": 0.7784571062740077,
          "recall_weighted": 0.8943396226415095,
          "f1_macro": 0.7273742396366831,
          "f1_weighted": 0.8653231389686611
        },
        "train_time": 1.1929585933685303,
        "success": true
      },
      "sage": {
        "test_metrics": {
          "accuracy": 0.9283018867924528,
          "precision_macro": 0.7557432333058218,
          "precision_weighted": 0.8656851667270469,
          "recall_macro": 0.8,
          "recall_weighted": 0.9283018867924528,
          "f1_macro": 0.7763702669149597,
          "f1_weighted": 0.8949114285045031
        },
        "train_time": 0.8264353275299072,
        "success": true
      },
      "mlp": {
        "test_metrics": {
          "accuracy": 0.8641509433962264,
          "precision_macro": 0.6534533585592254,
          "precision_weighted": 0.8095998185678279,
          "recall_macro": 0.7545169522740427,
          "recall_weighted": 0.8641509433962264,
          "f1_macro": 0.6941123201148501,
          "f1_weighted": 0.8338400631382121
        },
        "train_time": 0.794029951095581,
        "success": true
      },
      "rf": {
        "test_metrics": {
          "accuracy": 0.8679245283018868,
          "precision_macro": 0.6807410919767322,
          "precision_weighted": 0.8117552014066549,
          "recall_macro": 0.7601358462105134,
          "recall_weighted": 0.8679245283018868,
          "f1_macro": 0.7159305628682741,
          "f1_weighted": 0.8366935894868767
        },
        "train_time": 0.36431169509887695,
        "success": true
      }
    }
  },
  "total_time": 13.476838827133179,
  "n_graphs": 12,
  "universe_K": 5,
  "tasks": [
    "community"
  ]
}