{
  "node_count": 133,
  "edge_count": 4261,
  "density": 0.4854180906812486,
  "avg_degree": 64.07518796992481,
  "clustering_coefficient": 0.5344682199214614,
  "triangle_count": 50010.0,
  "triangle_density": 0.13047017265578936,
  "homophily": 0.09199718375968083,
  "power_law_exponent": 0.6638792715371494,
  "connected_components": 1,
  "largest_component_size": 133,
  "avg_communities_per_node": 1.0,
  "intra_community_density": 0.6134585289514867,
  "inter_community_density": 0.4753655240201499,
  "empirical_homophily": 0.12682765829286285
}