{
  "density": 0.09168671478214381,
  "node_count": 87,
  "avg_degree": 7.885057471264368,
  "homophily": 0.2536443148688047,
  "clustering_coefficient": 0.1826562147479475,
  "power_law_exponent": 0.6760578839702621,
  "connected_components": 1,
  "largest_component_size": 87
}