{
  "density": 0.04265097153914375,
  "node_count": 158,
  "avg_degree": 6.69620253164557,
  "homophily": 0.5349716446124764,
  "clustering_coefficient": 0.07998014643584257,
  "power_law_exponent": -0.002688229535209425,
  "connected_components": 1,
  "largest_component_size": 158
}