{
  "node_count": 104,
  "edge_count": 375,
  "density": 0.07001493651979089,
  "avg_degree": 7.211538461538462,
  "clustering_coefficient": 0.7344876277568584,
  "triangle_count": 593.0,
  "triangle_density": 0.003256380969116549,
  "homophily": 1.0,
  "power_law_exponent": 0.7152948187660948,
  "connected_components": 8,
  "largest_component_size": 17,
  "avg_communities_per_node": 1.0,
  "intra_community_density": 0.5868544600938967,
  "inter_community_density": 0.0,
  "empirical_homophily": 1.0
}