{
  "density": 0.03878636221457617,
  "node_count": 139,
  "avg_degree": 5.35251798561151,
  "homophily": 0.6397849462365591,
  "clustering_coefficient": 0.1538135725186084,
  "power_law_exponent": 0.8099588203430317,
  "connected_components": 1,
  "largest_component_size": 139
}