{
  "node_count": 138,
  "edge_count": 545,
  "density": 0.057653654924362634,
  "avg_degree": 7.898550724637682,
  "clustering_coefficient": 0.06026123634819284,
  "triangle_count": 75.0,
  "triangle_density": 0.00017501446786267664,
  "homophily": 0.09724770642201835,
  "power_law_exponent": -0.49011852893239966,
  "connected_components": 1,
  "largest_component_size": 138,
  "avg_communities_per_node": 1.0,
  "intra_community_density": 0.066167290886392,
  "inter_community_density": 0.056865464632454926,
  "empirical_homophily": 0.07560446983984002
}