{
  "density": 0.07737874861162532,
  "node_count": 74,
  "avg_degree": 5.648648648648648,
  "homophily": 0.41148325358851673,
  "clustering_coefficient": 0.10315315315315318,
  "power_law_exponent": -3.9773063185543895,
  "connected_components": 1,
  "largest_component_size": 74
}