{
  "node_count": 124,
  "edge_count": 237,
  "density": 0.03107789142407553,
  "avg_degree": 3.8225806451612905,
  "clustering_coefficient": 0.07732969908017344,
  "triangle_count": 27.0,
  "triangle_density": 8.706194941378287e-05,
  "homophily": 0.2109704641350211,
  "power_law_exponent": 1.7539382743597578,
  "connected_components": 1,
  "largest_component_size": 124,
  "avg_communities_per_node": 1.0,
  "intra_community_density": 0.059880239520958084,
  "inter_community_density": 0.027536445295243704,
  "empirical_homophily": 0.3699956626554636
}