{
  "node_count": 89,
  "edge_count": 889,
  "density": 0.2270173646578141,
  "avg_degree": 19.97752808988764,
  "clustering_coefficient": 0.29087540887277,
  "triangle_count": 1853.0,
  "triangle_density": 0.016316790532210912,
  "homophily": 0.10011248593925759,
  "power_law_exponent": 0.686866978117686,
  "connected_components": 1,
  "largest_component_size": 89,
  "avg_communities_per_node": 1.0,
  "intra_community_density": 0.25872093023255816,
  "inter_community_density": 0.22396416573348266,
  "empirical_homophily": 0.07200712180580941
}