{
  "community--gcn": {
    "train": {
      "accuracy": 0.9827586206896551,
      "f1_macro": 0.976911976911977,
      "roc_auc": 0.0
    },
    "val": {
      "accuracy": 0.15789473684210525,
      "f1_macro": 0.18333333333333332,
      "roc_auc": 0.0
    },
    "test": {
      "accuracy": 0.09523809523809523,
      "f1_macro": 0.045454545454545456,
      "roc_auc": 0.0
    },
    "train_time": 4.277899265289307
  },
  "community--sage": {
    "train": {
      "accuracy": 1.0,
      "f1_macro": 1.0,
      "roc_auc": 0.0
    },
    "val": {
      "accuracy": 0.3157894736842105,
      "f1_macro": 0.23148148148148145,
      "roc_auc": 0.0
    },
    "test": {
      "accuracy": 0.09523809523809523,
      "f1_macro": 0.08658008658008658,
      "roc_auc": 0.0
    },
    "train_time": 6.677734851837158
  },
  "community--mlp": {
    "train": {
      "accuracy": 0.7931034482758621,
      "f1_macro": 0.8048665651432448,
      "roc_auc": 0.0
    },
    "val": {
      "accuracy": 0.10526315789473684,
      "f1_macro": 0.1111111111111111,
      "roc_auc": 0.0
    },
    "test": {
      "accuracy": 0.047619047619047616,
      "f1_macro": 0.03636363636363637,
      "roc_auc": 0.0
    },
    "train_time": 2.7840945720672607
  },
  "community--rf": {
    "train": {
      "accuracy": 1.0,
      "f1_macro": 1.0,
      "roc_auc": 1.0
    },
    "val": {
      "accuracy": 0.10526315789473684,
      "f1_macro": 0.05909090909090909,
      "roc_auc": 0.0
    },
    "test": {
      "accuracy": 0.047619047619047616,
      "f1_macro": 0.0202020202020202,
      "roc_auc": 0.0
    },
    "train_time": 0.13732361793518066
  },
  "k_hop_community_counts--gcn": {
    "train": {
      "mse": 1.7436496019363403,
      "r2": 0.3867890238761902
    },
    "val": {
      "mse": 2.1144893169403076,
      "r2": 0.17634928226470947
    },
    "test": {
      "mse": 2.379488706588745,
      "r2": 0.06623667478561401
    },
    "train_time": 1.562953233718872
  },
  "k_hop_community_counts--sage": {
    "train": {
      "mse": 1.1105265617370605,
      "r2": 0.6094473004341125
    },
    "val": {
      "mse": 1.9415197372436523,
      "r2": 0.24372559785842896
    },
    "test": {
      "mse": 2.396925926208496,
      "r2": 0.05939394235610962
    },
    "train_time": 0.7227675914764404
  },
  "k_hop_community_counts--mlp": {
    "train": {
      "mse": 1.7064528465270996,
      "r2": 0.39987045526504517
    },
    "val": {
      "mse": 2.227827548980713,
      "r2": 0.1322009563446045
    },
    "test": {
      "mse": 3.100947380065918,
      "r2": -0.2168794870376587
    },
    "train_time": 0.5687863826751709
  },
  "k_hop_community_counts--rf": {
    "train": {
      "mse": 0.33124012539184955,
      "r2": 0.8833257850346325
    },
    "val": {
      "mse": 2.356760765550239,
      "r2": 0.0775642337256165
    },
    "test": {
      "mse": 2.823758008658009,
      "r2": -0.11292223552192504
    },
    "train_time": 0.16066431999206543
  }
}