{
  "node_count": 104,
  "edge_count": 637,
  "density": 0.11893203883495146,
  "avg_degree": 12.25,
  "clustering_coefficient": 0.3658203199589028,
  "triangle_count": 954.0,
  "triangle_density": 0.005238764661951412,
  "homophily": 0.6562009419152276,
  "power_law_exponent": 0.6742165120973873,
  "connected_components": 1,
  "largest_component_size": 104,
  "avg_communities_per_node": 1.0,
  "intra_community_density": 0.3917525773195876,
  "inter_community_density": 0.051060853345768244,
  "empirical_homophily": 0.7693798344415796
}