{
  "node_count": 146,
  "edge_count": 6131,
  "density": 0.5792158715162966,
  "avg_degree": 83.98630136986301,
  "clustering_coefficient": 0.6207522260740712,
  "triangle_count": 108187.0,
  "triangle_density": 0.2129330026767438,
  "homophily": 0.0913390963953678,
  "power_law_exponent": 0.905750570119534,
  "connected_components": 1,
  "largest_component_size": 146,
  "avg_communities_per_node": 1.0,
  "intra_community_density": 0.7225806451612903,
  "inter_community_density": 0.5678899082568807,
  "empirical_homophily": 0.11987157436073845
}