{
  "community--gcn": {
    "train": {
      "accuracy": 1.0,
      "f1_macro": 1.0,
      "roc_auc": 0.0
    },
    "val": {
      "accuracy": 0.8125,
      "f1_macro": 0.6855921855921855,
      "roc_auc": 0.0
    },
    "test": {
      "accuracy": 0.8333333333333334,
      "f1_macro": 0.7916666666666667,
      "roc_auc": 0.0
    },
    "train_time": 7.975768327713013
  },
  "community--sage": {
    "train": {
      "accuracy": 1.0,
      "f1_macro": 1.0,
      "roc_auc": 0.0
    },
    "val": {
      "accuracy": 0.625,
      "f1_macro": 0.5396825396825397,
      "roc_auc": 0.0
    },
    "test": {
      "accuracy": 0.6111111111111112,
      "f1_macro": 0.547985347985348,
      "roc_auc": 0.0
    },
    "train_time": 5.558862924575806
  },
  "community--mlp": {
    "train": {
      "accuracy": 0.7346938775510204,
      "f1_macro": 0.6807513914656772,
      "roc_auc": 0.0
    },
    "val": {
      "accuracy": 0.0625,
      "f1_macro": 0.04081632653061224,
      "roc_auc": 0.0
    },
    "test": {
      "accuracy": 0.05555555555555555,
      "f1_macro": 0.047619047619047616,
      "roc_auc": 0.0
    },
    "train_time": 2.7637832164764404
  },
  "community--rf": {
    "train": {
      "accuracy": 1.0,
      "f1_macro": 1.0,
      "roc_auc": 1.0
    },
    "val": {
      "accuracy": 0.0625,
      "f1_macro": 0.04081632653061224,
      "roc_auc": 0.0
    },
    "test": {
      "accuracy": 0.05555555555555555,
      "f1_macro": 0.04081632653061224,
      "roc_auc": 0.4701534022699989
    },
    "train_time": 0.13535737991333008
  },
  "k_hop_community_counts--gcn": {
    "train": {
      "mse": 0.11469823122024536,
      "r2": 0.9710261821746826
    },
    "val": {
      "mse": 1.4343788623809814,
      "r2": 0.793165922164917
    },
    "test": {
      "mse": 1.8599566221237183,
      "r2": 0.72710120677948
    },
    "train_time": 2.860557794570923
  },
  "k_hop_community_counts--sage": {
    "train": {
      "mse": 0.03192222863435745,
      "r2": 0.9919361472129822
    },
    "val": {
      "mse": 2.4454472064971924,
      "r2": 0.6473722457885742
    },
    "test": {
      "mse": 2.4438023567199707,
      "r2": 0.6414375305175781
    },
    "train_time": 2.2753963470458984
  },
  "k_hop_community_counts--mlp": {
    "train": {
      "mse": 3.1478824615478516,
      "r2": 0.204816997051239
    },
    "val": {
      "mse": 5.75828742980957,
      "r2": 0.1696685552597046
    },
    "test": {
      "mse": 5.474612236022949,
      "r2": 0.19674742221832275
    },
    "train_time": 0.3401789665222168
  },
  "k_hop_community_counts--rf": {
    "train": {
      "mse": 0.557895335276968,
      "r2": 0.8586586170540922
    },
    "val": {
      "mse": 6.542356250000002,
      "r2": 0.04810850991543525
    },
    "test": {
      "mse": 6.0299515873015865,
      "r2": 0.10818866957398854
    },
    "train_time": 0.16808104515075684
  }
}