{
  "node_count": 85,
  "edge_count": 343,
  "density": 0.09607843137254903,
  "avg_degree": 8.070588235294117,
  "clustering_coefficient": 0.841341991341991,
  "triangle_count": 707.0,
  "triangle_density": 0.007158043940467753,
  "homophily": 0.9329446064139941,
  "power_law_exponent": -0.31959875228068385,
  "connected_components": 1,
  "largest_component_size": 85,
  "avg_communities_per_node": 1.0,
  "intra_community_density": 0.9495548961424333,
  "inter_community_density": 0.007114135477884318,
  "empirical_homophily": 0.9851272796698874
}