{
  "node_count": 91,
  "edge_count": 2777,
  "density": 0.6781440781440782,
  "avg_degree": 61.032967032967036,
  "clustering_coefficient": 0.6780754308014217,
  "triangle_count": 37861.0,
  "triangle_density": 0.3116516442359139,
  "homophily": 0.10658984515664387,
  "power_law_exponent": 1.1550127137396218,
  "connected_components": 1,
  "largest_component_size": 91,
  "avg_communities_per_node": 1.0,
  "intra_community_density": 0.8291316526610645,
  "inter_community_density": 0.6637239165329053,
  "empirical_homophily": 0.11079955726558798
}