{
  "density": 0.0969187675070028,
  "node_count": 120,
  "avg_degree": 11.533333333333333,
  "homophily": 0.17052023121387283,
  "clustering_coefficient": 0.16345292970413788,
  "power_law_exponent": 1.0977948957717556,
  "connected_components": 1,
  "largest_component_size": 120
}