{
  "density": 0.034722222222222224,
  "node_count": 64,
  "avg_degree": 2.1875,
  "homophily": 0.014285714285714285,
  "clustering_coefficient": 0.05388580544830544,
  "power_law_exponent": 1.0329365643724104,
  "connected_components": 1,
  "largest_component_size": 64
}