{
  "node_count": 136,
  "edge_count": 453,
  "density": 0.04934640522875817,
  "avg_degree": 6.661764705882353,
  "clustering_coefficient": 0.4325546137829874,
  "triangle_count": 506.0,
  "triangle_density": 0.0012340259486879328,
  "homophily": 1.0,
  "power_law_exponent": 0.714448667501679,
  "connected_components": 7,
  "largest_component_size": 23,
  "avg_communities_per_node": 1.0,
  "intra_community_density": 0.3506191950464396,
  "inter_community_density": 0.0,
  "empirical_homophily": 1.0
}