{
  "density": 0.08635413035901011,
  "node_count": 152,
  "avg_degree": 13.039473684210526,
  "homophily": 0.4863773965691221,
  "clustering_coefficient": 0.2481129128668864,
  "power_law_exponent": 0.6108396811867515,
  "connected_components": 1,
  "largest_component_size": 152
}