homophily,avg_degree,clustering_coefficient,power_law_exponent,density,triangle_density,node_count,avg_communities_per_node
0.6305300353356891,11.914117316867808,0.13092821901472024,,0.0016721568164024994,4.106932360370474,7126,1.0
