{
  "density": 0.09097966154323862,
  "node_count": 114,
  "avg_degree": 10.280701754385966,
  "homophily": 0.09726962457337884,
  "clustering_coefficient": 0.1999587773314374,
  "power_law_exponent": 0.9178013086108543,
  "connected_components": 1,
  "largest_component_size": 114
}