{
  "community--gcn": {
    "train": {
      "accuracy": 1.0,
      "f1_macro": 1.0,
      "roc_auc": 0.0
    },
    "val": {
      "accuracy": 0.2727272727272727,
      "f1_macro": 0.19428571428571428,
      "roc_auc": 0.0
    },
    "test": {
      "accuracy": 0.07692307692307693,
      "f1_macro": 0.06666666666666667,
      "roc_auc": 0.0
    },
    "train_time": 5.314878702163696
  },
  "community--sage": {
    "train": {
      "accuracy": 1.0,
      "f1_macro": 1.0,
      "roc_auc": 0.0
    },
    "val": {
      "accuracy": 0.45454545454545453,
      "f1_macro": 0.49714285714285716,
      "roc_auc": 0.0
    },
    "test": {
      "accuracy": 0.23076923076923078,
      "f1_macro": 0.15272727272727274,
      "roc_auc": 0.0
    },
    "train_time": 3.2815136909484863
  },
  "community--mlp": {
    "train": {
      "accuracy": 1.0,
      "f1_macro": 1.0,
      "roc_auc": 0.0
    },
    "val": {
      "accuracy": 0.36363636363636365,
      "f1_macro": 0.41428571428571426,
      "roc_auc": 0.0
    },
    "test": {
      "accuracy": 0.07692307692307693,
      "f1_macro": 0.05,
      "roc_auc": 0.0
    },
    "train_time": 6.192516088485718
  },
  "community--rf": {
    "train": {
      "accuracy": 1.0,
      "f1_macro": 1.0,
      "roc_auc": 1.0
    },
    "val": {
      "accuracy": 0.36363636363636365,
      "f1_macro": 0.2,
      "roc_auc": 0.7222222222222222
    },
    "test": {
      "accuracy": 0.3076923076923077,
      "f1_macro": 0.18,
      "roc_auc": 0.5483333333333333
    },
    "train_time": 0.1272284984588623
  },
  "k_hop_community_counts--gcn": {
    "train": {
      "mse": 5.572227954864502,
      "r2": 0.04354935884475708
    },
    "val": {
      "mse": 4.469863414764404,
      "r2": 0.2552735209465027
    },
    "test": {
      "mse": 4.522725582122803,
      "r2": 0.32043129205703735
    },
    "train_time": 0.9422240257263184
  },
  "k_hop_community_counts--sage": {
    "train": {
      "mse": 5.590479373931885,
      "r2": 0.040416598320007324
    },
    "val": {
      "mse": 6.355559349060059,
      "r2": -0.05890333652496338
    },
    "test": {
      "mse": 5.865692615509033,
      "r2": 0.11864179372787476
    },
    "train_time": 0.7447307109832764
  },
  "k_hop_community_counts--mlp": {
    "train": {
      "mse": 6.398738861083984,
      "r2": -0.09831798076629639
    },
    "val": {
      "mse": 5.267906665802002,
      "r2": 0.1223110556602478
    },
    "test": {
      "mse": 6.097183704376221,
      "r2": 0.08385878801345825
    },
    "train_time": 0.26084256172180176
  },
  "k_hop_community_counts--rf": {
    "train": {
      "mse": 0.7622405714285716,
      "r2": 0.8684125286977531
    },
    "val": {
      "mse": 8.04008,
      "r2": -0.36436894776074236
    },
    "test": {
      "mse": 6.572206153846154,
      "r2": -0.002946297833495315
    },
    "train_time": 0.13211297988891602
  }
}