{
  "node_count": 159,
  "edge_count": 1679,
  "avg_degree": 21.11949685534591,
  "avg_communities_per_node": 1.0,
  "clustering_coefficient": 0.25932011523979676,
  "triangle_count": 3794.0,
  "triangle_density": 0.005771579912954718,
  "homophily": 0.05658129839189994,
  "power_law_exponent": 0.6632463465925897,
  "density": 0.13366770161611335,
  "connected_components": 1,
  "largest_component_size": 1.0
}