{
  "node_count": 163,
  "edge_count": 3236,
  "density": 0.24509581155797924,
  "avg_degree": 39.70552147239264,
  "clustering_coefficient": 0.28723866645527096,
  "triangle_count": 12821.0,
  "triangle_density": 0.018094419534803636,
  "homophily": 0.10599505562422744,
  "power_law_exponent": 0.932544804441075,
  "connected_components": 1,
  "largest_component_size": 163,
  "avg_communities_per_node": 1.0,
  "intra_community_density": 0.35953878406708595,
  "inter_community_density": 0.2361825455139195,
  "empirical_homophily": 0.20707037406219414
}