{
  "node_count": 137,
  "edge_count": 1746,
  "avg_degree": 25.48905109489051,
  "avg_communities_per_node": 1.0,
  "clustering_coefficient": 0.3178888977956455,
  "triangle_count": 5237.0,
  "triangle_density": 0.012492247507275416,
  "homophily": 0.0057273768613974796,
  "power_law_exponent": 0.9027799259100231,
  "density": 0.18741949334478317,
  "connected_components": 1,
  "largest_component_size": 1.0
}