{
  "node_count": 71,
  "edge_count": 357,
  "density": 0.14366197183098592,
  "avg_degree": 10.056338028169014,
  "clustering_coefficient": 0.15267498772055516,
  "triangle_count": 171.0,
  "triangle_density": 0.002991864228851369,
  "homophily": 0.14565826330532214,
  "power_law_exponent": 0.3885790165552237,
  "connected_components": 1,
  "largest_component_size": 71,
  "avg_communities_per_node": 1.0,
  "intra_community_density": 0.27225130890052357,
  "inter_community_density": 0.13295553618134262,
  "empirical_homophily": 0.34376460913694146
}