{
  "n_graphs": 9,
  "node_counts": [
    76,
    94,
    86,
    91,
    103,
    103,
    69,
    16,
    82
  ],
  "edge_counts": [
    110,
    157,
    144,
    148,
    318,
    198,
    82,
    15,
    214
  ],
  "densities": [
    0.03859649122807018,
    0.03591855410661176,
    0.03939808481532148,
    0.036141636141636145,
    0.06053683609366076,
    0.03769274700171331,
    0.03495311167945439,
    0.125,
    0.0644384221619994
  ],
  "avg_degrees": [
    2.8947368421052633,
    3.3404255319148937,
    3.3488372093023258,
    3.2527472527472527,
    6.174757281553398,
    3.8446601941747574,
    2.3768115942028984,
    1.875,
    5.219512195121951
  ],
  "clustering_coefficients": [
    0.18953634085213034,
    0.11465951306376841,
    0.14964470284237724,
    0.11788900964725141,
    0.2875846446129265,
    0.1890852405415512,
    0.07294685990338164,
    0.0,
    0.2046342546342546
  ],
  "community_counts": [
    3,
    3,
    4,
    3,
    3,
    5,
    5,
    1,
    3
  ],
  "node_counts_mean": 80.0,
  "node_counts_std": 25.05105897074125,
  "node_counts_min": 16.0,
  "node_counts_max": 103.0,
  "edge_counts_mean": 154.0,
  "edge_counts_std": 80.97873520595117,
  "edge_counts_min": 15.0,
  "edge_counts_max": 318.0,
  "densities_mean": 0.052519542580940826,
  "densities_std": 0.027684771998954496,
  "densities_min": 0.03495311167945439,
  "densities_max": 0.125,
  "avg_degrees_mean": 3.591943122346971,
  "avg_degrees_std": 1.2706833822144834,
  "avg_degrees_min": 1.875,
  "avg_degrees_max": 6.174757281553398,
  "clustering_coefficients_mean": 0.14733117401084905,
  "clustering_coefficients_std": 0.07864017149337925,
  "clustering_coefficients_min": 0.0,
  "clustering_coefficients_max": 0.2875846446129265,
  "community_counts_mean": 3.3333333333333335,
  "community_counts_std": 1.1547005383792515,
  "community_counts_min": 1.0,
  "community_counts_max": 5.0
}