{
  "total_time": 0.17481780052185059,
  "successful_graphs": 9,
  "failed_graphs": 1,
  "success_rate": 0.9,
  "avg_time_per_graph": 0.017481780052185057,
  "node_count_stats": {
    "mean": 80.0,
    "std": 25.05105897074125,
    "min": 16,
    "max": 103
  },
  "edge_count_stats": {
    "mean": 154.0,
    "std": 80.97873520595117,
    "min": 15,
    "max": 318
  },
  "density_stats": {
    "mean": 0.052519542580940826,
    "std": 0.027684771998954496,
    "min": 0.03495311167945439,
    "max": 0.125
  },
  "attempts_stats": {
    "mean": 2.5555555555555554,
    "std": 0.9558139185602919,
    "min": 1,
    "max": 4
  }
}