{
  "density": 0.22062871215413588,
  "node_count": 118,
  "avg_degree": 25.8135593220339,
  "homophily": 0.3736047275114905,
  "clustering_coefficient": 0.321093718206557,
  "power_law_exponent": -0.09394689096572881,
  "connected_components": 1,
  "largest_component_size": 118
}