{
  "node_count": 142,
  "edge_count": 426,
  "density": 0.0425531914893617,
  "avg_degree": 6.0,
  "clustering_coefficient": 0.03598357823709935,
  "triangle_count": 30.0,
  "triangle_density": 6.421507770024402e-05,
  "homophily": 0.12441314553990611,
  "power_law_exponent": 0.13123501056736128,
  "connected_components": 1,
  "largest_component_size": 142,
  "avg_communities_per_node": 1.0,
  "intra_community_density": 0.05369807497467072,
  "inter_community_density": 0.04133421985815603,
  "empirical_homophily": 0.13010161585873725
}