{
  "community--gcn": {
    "train": {
      "accuracy": 1.0,
      "f1_macro": 1.0,
      "roc_auc": 0.0
    },
    "val": {
      "accuracy": 0.3125,
      "f1_macro": 0.3055555555555555,
      "roc_auc": 0.0
    },
    "test": {
      "accuracy": 0.05555555555555555,
      "f1_macro": 0.038461538461538464,
      "roc_auc": 0.0
    },
    "train_time": 4.095992088317871
  },
  "community--sage": {
    "train": {
      "accuracy": 0.62,
      "f1_macro": 0.5519265048676814,
      "roc_auc": 0.0
    },
    "val": {
      "accuracy": 0.125,
      "f1_macro": 0.11666666666666665,
      "roc_auc": 0.0
    },
    "test": {
      "accuracy": 0.05555555555555555,
      "f1_macro": 0.03076923076923077,
      "roc_auc": 0.0
    },
    "train_time": 4.459878921508789
  },
  "community--mlp": {
    "train": {
      "accuracy": 1.0,
      "f1_macro": 1.0,
      "roc_auc": 0.0
    },
    "val": {
      "accuracy": 0.1875,
      "f1_macro": 0.09722222222222221,
      "roc_auc": 0.0
    },
    "test": {
      "accuracy": 0.1111111111111111,
      "f1_macro": 0.125,
      "roc_auc": 0.0
    },
    "train_time": 4.063187122344971
  },
  "community--rf": {
    "train": {
      "accuracy": 1.0,
      "f1_macro": 1.0,
      "roc_auc": 1.0
    },
    "val": {
      "accuracy": 0.0,
      "f1_macro": 0.0,
      "roc_auc": 0.0
    },
    "test": {
      "accuracy": 0.05555555555555555,
      "f1_macro": 0.027777777777777776,
      "roc_auc": 0.0
    },
    "train_time": 0.13486003875732422
  },
  "k_hop_community_counts--gcn": {
    "train": {
      "mse": 1.4879056215286255,
      "r2": 0.49325478076934814
    },
    "val": {
      "mse": 1.8517086505889893,
      "r2": 0.2897738218307495
    },
    "test": {
      "mse": 2.30551815032959,
      "r2": 0.16894900798797607
    },
    "train_time": 0.6871135234832764
  },
  "k_hop_community_counts--sage": {
    "train": {
      "mse": 1.8303344249725342,
      "r2": 0.3766316771507263
    },
    "val": {
      "mse": 1.8993713855743408,
      "r2": 0.2714926600456238
    },
    "test": {
      "mse": 1.9619066715240479,
      "r2": 0.29280775785446167
    },
    "train_time": 0.603344202041626
  },
  "k_hop_community_counts--mlp": {
    "train": {
      "mse": 1.5923893451690674,
      "r2": 0.45767009258270264
    },
    "val": {
      "mse": 1.8290951251983643,
      "r2": 0.29844725131988525
    },
    "test": {
      "mse": 2.216949939727783,
      "r2": 0.2008744478225708
    },
    "train_time": 0.46831583976745605
  },
  "k_hop_community_counts--rf": {
    "train": {
      "mse": 0.25523553846153846,
      "r2": 0.9129388976606522
    },
    "val": {
      "mse": 2.037523076923077,
      "r2": 0.21472878558308472
    },
    "test": {
      "mse": 2.1104594017094023,
      "r2": 0.23599515851129782
    },
    "train_time": 0.14438700675964355
  }
}