{
  "node_count": 157,
  "edge_count": 2027,
  "avg_degree": 25.821656050955415,
  "avg_communities_per_node": 1.0,
  "clustering_coefficient": 0.1643463525104668,
  "triangle_count": 2843.0,
  "triangle_density": 0.004493369790267263,
  "homophily": 0.10014800197335964,
  "power_law_exponent": 0.19316354445452066,
  "density": 0.16552343622407317,
  "connected_components": 1,
  "largest_component_size": 1.0
}