{
  "node_count": 68,
  "edge_count": 271,
  "density": 0.1189640035118525,
  "avg_degree": 7.970588235294118,
  "clustering_coefficient": 0.1960828562256888,
  "triangle_count": 165.0,
  "triangle_density": 0.003292361720807726,
  "homophily": 0.16974169741697417,
  "power_law_exponent": 0.8326221011416213,
  "connected_components": 1,
  "largest_component_size": 68,
  "avg_communities_per_node": 1.0,
  "intra_community_density": 0.21395348837209302,
  "inter_community_density": 0.10906446921958313,
  "empirical_homophily": 0.3247157524446337
}