{
  "run_id": 18,
  "timestamp": "20250527_100748",
  "config_path": "results/sweep_experiments\\homophily_density_sweep_20250527_100302\\run_0018",
  "sweep_parameters": {
    "universe_homophily": 0.7,
    "universe_edge_density": 0.05
  },
  "random_parameters": {
    "homophily_range_width": 0.09026199901398563,
    "density_range_width": 0.0093472908170939,
    "degree_heterogeneity": 0.32622787387775365,
    "edge_noise": 0.13314991405766183
  },
  "all_parameters": {
    "universe_homophily": 0.7,
    "universe_edge_density": 0.05,
    "homophily_range_width": 0.09026199901398563,
    "density_range_width": 0.0093472908170939,
    "degree_heterogeneity": 0.32622787387775365,
    "edge_noise": 0.13314991405766183
  },
  "method": "dc_sbm",
  "degree_distribution": "standard",
  "family_properties": {
    "n_graphs": 12,
    "node_counts": [
      93,
      95,
      92,
      84,
      93,
      80,
      91,
      90,
      95,
      99,
      80,
      89
    ],
    "edge_counts": [
      484,
      896,
      344,
      757,
      1076,
      402,
      833,
      715,
      713,
      1030,
      393,
      352
    ],
    "community_counts": [
      4,
      4,
      5,
      5,
      3,
      4,
      5,
      4,
      3,
      3,
      3,
      3
    ],
    "node_counts_mean": 90.08333333333333,
    "node_counts_std": 5.707572942055921,
    "node_counts_min": 80.0,
    "node_counts_max": 99.0,
    "edge_counts_mean": 666.25,
    "edge_counts_std": 253.9527925291103,
    "edge_counts_min": 344.0,
    "edge_counts_max": 1076.0,
    "community_counts_mean": 3.8333333333333335,
    "community_counts_std": 0.7993052538854533,
    "community_counts_min": 3.0,
    "community_counts_max": 5.0
  },
  "family_consistency": {
    "pattern_preservation": {
      "score": 0.8549313579680867,
      "individual_correlations": [
        0.8528028654224415,
        0.8528028654224415,
        0.8183170883849713,
        0.8190487086369508,
        0.8783100656536799,
        0.8528028654224415,
        0.8190487086369508,
        0.8528028654224415,
        0.8783100656536799,
        0.8783100656536799,
        0.8783100656536799,
        0.8783100656536799
      ],
      "std": 0.023570241779372846,
      "interpretation": "Excellent pattern preservation - rank ordering strongly maintained",
      "description": "How well rank ordering of community connections is preserved relative to universe"
    },
    "generation_fidelity": {
      "score": 0.995835479359381,
      "individual_scores": [
        0.9927809139318522,
        0.9952264436928447,
        0.9940529783591161,
        0.9985873185751836,
        0.9992869397122291,
        0.9951467671638309,
        0.996414881996362,
        0.9920337021121876,
        0.9975398053022813,
        0.9990100162695056,
        0.9991770179287724,
        0.9907689672684075
      ],
      "std": 0.002849637115500265,
      "interpretation": "Excellent generation fidelity - graphs closely match targets",
      "description": "How well graphs match their scaled probability targets (P_sub)"
    },
    "degree_consistency": {
      "score": 0.057209359954217075,
      "individual_scores": [
        0.38356079522033193,
        0.2224258966509376,
        0.030635645298631217,
        -0.04900386895962956,
        -0.5556255003756891,
        -0.43505292265760803,
        0.36889444708515123,
        0.31035718906360066,
        -0.21812447723887995,
        0.5468945270390884,
        0.27625919953147093,
        -0.19470861120680044
      ],
      "std": 0.3356529823375032,
      "interpretation": "No degree-community relationship - no correlation with centers",
      "description": "How well actual node degrees correlate with universe degree centers"
    },
    "overall": {
      "score": 0.7517486069218305,
      "interpretation": "Moderate overall consistency - family shows some structural preservation",
      "description": "Weighted average of all consistency metrics"
    },
    "community_coverage": {
      "total_unique_communities": 5,
      "universe_communities": 5,
      "coverage_fraction": 1.0,
      "community_usage": {
        "1": 10,
        "2": 9,
        "3": 10,
        "4": 9,
        "0": 8
      },
      "avg_usage_per_community": 9.2,
      "usage_std": 0.7483314773547883,
      "min_usage": 8,
      "max_usage": 10,
      "communities_in_all_graphs": [],
      "rarely_used_communities": []
    }
  },
  "community_signals": {
    "degree_signals": {
      "mean": 0.4149714052287581,
      "std": 0.09560290341083444,
      "min": 0.2941520467836257,
      "max": 0.612280701754386,
      "individual_values": [
        0.3555555555555555,
        0.2947368421052631,
        0.2941520467836257,
        0.46397058823529413,
        0.612280701754386,
        0.325,
        0.3730994152046783,
        0.47777777777777775,
        0.43157894736842095,
        0.5552631578947368,
        0.425,
        0.3712418300653595
      ]
    },
    "structure_signals": {
      "mean": 1.575704743238302,
      "std": 0.502490461815931,
      "min": 0.8837838492823735,
      "max": 2.474671441807037,
      "individual_values": [
        1.1705000303484137,
        1.1860432473588807,
        1.5830524121365417,
        1.963181523998156,
        0.8837838492823735,
        2.327222989650705,
        1.3989511185788435,
        2.474671441807037,
        1.0036079654196433,
        1.6581904365339823,
        2.0424879218981893,
        1.2167639818468605
      ]
    },
    "feature_signals": {
      "mean": 0.8196560708781212,
      "std": 0.08505451765895485,
      "min": 0.6556372549019608,
      "max": 0.9654320987654321,
      "individual_values": [
        0.75,
        0.6556372549019608,
        0.7246753246753247,
        0.7676923076923077,
        0.7930283224400871,
        0.8136904761904763,
        0.8595959595959595,
        0.8863247863247863,
        0.8121212121212121,
        0.9654320987654321,
        0.8807017543859649,
        0.9269733534439416
      ]
    }
  },
  "model_results": {
    "community": {
      "gcn": {
        "test_metrics": {
          "accuracy": 0.8518518518518519,
          "precision_macro": 0.6878671000361141,
          "precision_weighted": 0.7548184529780774,
          "recall_macro": 0.784375,
          "recall_weighted": 0.8518518518518519,
          "f1_macro": 0.7288173788043291,
          "f1_weighted": 0.7959387695246357
        },
        "train_time": 1.1420917510986328,
        "success": true
      },
      "sage": {
        "test_metrics": {
          "accuracy": 0.7814814814814814,
          "precision_macro": 0.6532795737634098,
          "precision_weighted": 0.7213607624472338,
          "recall_macro": 0.725,
          "recall_weighted": 0.7814814814814814,
          "f1_macro": 0.6667133649717252,
          "f1_weighted": 0.7276365370424733
        },
        "train_time": 0.7576518058776855,
        "success": true
      },
      "mlp": {
        "test_metrics": {
          "accuracy": 0.6148148148148148,
          "precision_macro": 0.3785586412409214,
          "precision_weighted": 0.4039858657733161,
          "recall_macro": 0.5822096551874432,
          "recall_weighted": 0.6148148148148148,
          "f1_macro": 0.454561802439744,
          "f1_weighted": 0.48300919001900283
        },
        "train_time": 0.6601355075836182,
        "success": true
      },
      "rf": {
        "test_metrics": {
          "accuracy": 0.774074074074074,
          "precision_macro": 0.6253465003465004,
          "precision_weighted": 0.6852719172163617,
          "recall_macro": 0.7159013056459038,
          "recall_weighted": 0.774074074074074,
          "f1_macro": 0.660814501415173,
          "f1_weighted": 0.7194456664353203
        },
        "train_time": 0.32886505126953125,
        "success": true
      }
    }
  },
  "total_time": 18.038589000701904,
  "n_graphs": 12,
  "universe_K": 5,
  "tasks": [
    "community"
  ]
}