{
  "community--gcn": {
    "train": {
      "accuracy": 1.0,
      "f1_macro": 1.0,
      "roc_auc": 0.0
    },
    "val": {
      "accuracy": 0.9166666666666666,
      "f1_macro": 0.9418181818181818,
      "roc_auc": 0.0
    },
    "test": {
      "accuracy": 0.7142857142857143,
      "f1_macro": 0.619047619047619,
      "roc_auc": 0.0
    },
    "train_time": 4.890181541442871
  },
  "community--sage": {
    "train": {
      "accuracy": 0.972972972972973,
      "f1_macro": 0.9674185463659147,
      "roc_auc": 0.0
    },
    "val": {
      "accuracy": 0.5,
      "f1_macro": 0.4533333333333333,
      "roc_auc": 0.0
    },
    "test": {
      "accuracy": 0.21428571428571427,
      "f1_macro": 0.2333333333333333,
      "roc_auc": 0.0
    },
    "train_time": 2.9127867221832275
  },
  "community--mlp": {
    "train": {
      "accuracy": 0.6756756756756757,
      "f1_macro": 0.508673858559442,
      "roc_auc": 0.0
    },
    "val": {
      "accuracy": 0.25,
      "f1_macro": 0.20606060606060606,
      "roc_auc": 0.0
    },
    "test": {
      "accuracy": 0.35714285714285715,
      "f1_macro": 0.26666666666666666,
      "roc_auc": 0.0
    },
    "train_time": 2.9283647537231445
  },
  "community--rf": {
    "train": {
      "accuracy": 1.0,
      "f1_macro": 1.0,
      "roc_auc": 1.0
    },
    "val": {
      "accuracy": 0.3333333333333333,
      "f1_macro": 0.1,
      "roc_auc": 0.0
    },
    "test": {
      "accuracy": 0.35714285714285715,
      "f1_macro": 0.30987012987012985,
      "roc_auc": 0.0
    },
    "train_time": 0.12912535667419434
  },
  "k_hop_community_counts--gcn": {
    "train": {
      "mse": 0.638231098651886,
      "r2": 0.5393537282943726
    },
    "val": {
      "mse": 0.7373340129852295,
      "r2": 0.5152087211608887
    },
    "test": {
      "mse": 0.6629891395568848,
      "r2": 0.625386118888855
    },
    "train_time": 3.6351475715637207
  },
  "k_hop_community_counts--sage": {
    "train": {
      "mse": 0.10692007094621658,
      "r2": 0.9228299260139465
    },
    "val": {
      "mse": 0.6389005780220032,
      "r2": 0.579927921295166
    },
    "test": {
      "mse": 1.0041608810424805,
      "r2": 0.43261122703552246
    },
    "train_time": 2.6634681224823
  },
  "k_hop_community_counts--mlp": {
    "train": {
      "mse": 0.9137407541275024,
      "r2": 0.3405032753944397
    },
    "val": {
      "mse": 1.2900246381759644,
      "r2": 0.15181905031204224
    },
    "test": {
      "mse": 1.9232006072998047,
      "r2": -0.08668088912963867
    },
    "train_time": 0.6360864639282227
  },
  "k_hop_community_counts--rf": {
    "train": {
      "mse": 0.1759364864864865,
      "r2": 0.8724424115308622
    },
    "val": {
      "mse": 1.5415305555555554,
      "r2": -0.02781920131409188
    },
    "test": {
      "mse": 1.2545285714285714,
      "r2": 0.28260368390081736
    },
    "train_time": 0.14096498489379883
  }
}