{
  "density": 0.02459235498529805,
  "node_count": 87,
  "avg_degree": 2.1149425287356323,
  "homophily": 0.8695652173913043,
  "clustering_coefficient": 0.02490421455938697,
  "power_law_exponent": 1.047492385665588,
  "connected_components": 2,
  "largest_component_size": 72
}