{
  "node_count": 113,
  "edge_count": 1085,
  "density": 0.17146017699115043,
  "avg_degree": 19.20353982300885,
  "clustering_coefficient": 0.29663146249739003,
  "triangle_count": 2277.0,
  "triangle_density": 0.009725117026001982,
  "homophily": 0.12626728110599078,
  "power_law_exponent": 0.638889298410278,
  "connected_components": 1,
  "largest_component_size": 113,
  "avg_communities_per_node": 1.0,
  "intra_community_density": 0.24818840579710144,
  "inter_community_density": 0.16412742382271467,
  "empirical_homophily": 0.20387522364081156
}