{
  "community--gcn": {
    "train": {
      "accuracy": 0.5555555555555556,
      "f1_macro": 0.5055860805860807,
      "roc_auc": 0.0
    },
    "val": {
      "accuracy": 0.2,
      "f1_macro": 0.16666666666666666,
      "roc_auc": 0.0
    },
    "test": {
      "accuracy": 0.0,
      "f1_macro": 0.0,
      "roc_auc": 0.0
    },
    "train_time": 8.353468179702759
  },
  "community--sage": {
    "train": {
      "accuracy": 1.0,
      "f1_macro": 1.0,
      "roc_auc": 0.0
    },
    "val": {
      "accuracy": 0.2,
      "f1_macro": 0.17407407407407408,
      "roc_auc": 0.0
    },
    "test": {
      "accuracy": 0.06666666666666667,
      "f1_macro": 0.027777777777777776,
      "roc_auc": 0.0
    },
    "train_time": 7.598531723022461
  },
  "community--mlp": {
    "train": {
      "accuracy": 0.7111111111111111,
      "f1_macro": 0.5414951714951715,
      "roc_auc": 0.0
    },
    "val": {
      "accuracy": 0.26666666666666666,
      "f1_macro": 0.2222222222222222,
      "roc_auc": 0.0
    },
    "test": {
      "accuracy": 0.0,
      "f1_macro": 0.0,
      "roc_auc": 0.0
    },
    "train_time": 5.057609558105469
  },
  "community--rf": {
    "train": {
      "accuracy": 1.0,
      "f1_macro": 1.0,
      "roc_auc": 1.0
    },
    "val": {
      "accuracy": 0.2,
      "f1_macro": 0.16071428571428573,
      "roc_auc": 0.0
    },
    "test": {
      "accuracy": 0.0,
      "f1_macro": 0.0,
      "roc_auc": 0.0
    },
    "train_time": 0.32288527488708496
  },
  "k_hop_community_counts--gcn": {
    "train": {
      "mse": 0.7724483609199524,
      "r2": 0.2689779996871948
    },
    "val": {
      "mse": 0.6773626208305359,
      "r2": 0.05968606472015381
    },
    "test": {
      "mse": 0.9430742859840393,
      "r2": 0.13203299045562744
    },
    "train_time": 6.337367534637451
  },
  "k_hop_community_counts--sage": {
    "train": {
      "mse": 1.0276072025299072,
      "r2": 0.02750331163406372
    },
    "val": {
      "mse": 0.7105897068977356,
      "r2": 0.013560295104980469
    },
    "test": {
      "mse": 1.1802873611450195,
      "r2": -0.0862882137298584
    },
    "train_time": 1.3721675872802734
  },
  "k_hop_community_counts--mlp": {
    "train": {
      "mse": 1.1179269552230835,
      "r2": -0.05797255039215088
    },
    "val": {
      "mse": 0.7428866028785706,
      "r2": -0.03127419948577881
    },
    "test": {
      "mse": 1.2802304029464722,
      "r2": -0.17827177047729492
    },
    "train_time": 1.763692855834961
  },
  "k_hop_community_counts--rf": {
    "train": {
      "mse": 0.15238222222222222,
      "r2": 0.8554688610939186
    },
    "val": {
      "mse": 0.7982873333333333,
      "r2": -0.11561895483787499
    },
    "test": {
      "mse": 1.2643906666666667,
      "r2": -0.1715033824201262
    },
    "train_time": 0.3524496555328369
  }
}