{
  "density": 0.049678550555230856,
  "node_count": 59,
  "avg_degree": 2.8813559322033897,
  "homophily": 0.10588235294117647,
  "clustering_coefficient": 0.023325262308313152,
  "power_law_exponent": 1.4220238600103994,
  "connected_components": 1,
  "largest_component_size": 59
}