{
  "node_count": 95,
  "edge_count": 2963,
  "density": 0.6636058230683091,
  "avg_degree": 62.37894736842105,
  "clustering_coefficient": 0.6651846976259068,
  "triangle_count": 40544.0,
  "triangle_density": 0.2929162301773652,
  "homophily": 0.07897401282483969,
  "power_law_exponent": -1.2265369777213848,
  "connected_components": 1,
  "largest_component_size": 95,
  "avg_communities_per_node": 1.0,
  "intra_community_density": 0.7697368421052632,
  "inter_community_density": 0.6558519586637828,
  "empirical_homophily": 0.07988620798651357
}