{
  "run_id": 1,
  "timestamp": "20250526_131752",
  "config_path": "multi_inductive_results\\multi_inductive_20250526_131652\\run_0001",
  "sweep_parameters": {
    "universe_homophily": 0.0,
    "universe_edge_density": 0.01
  },
  "random_parameters": {
    "homophily_range_0": 0.03451636991693369,
    "density_range_0": 0.03045332696397407,
    "degree_heterogeneity": 0.22005186776738944,
    "edge_noise": 0.07217688598960463,
    "cluster_count_factor": 0.8561363948789376,
    "center_variance": 0.9290097093237397,
    "cluster_variance": 0.3497405958941116,
    "assignment_skewness": 0.43292976982672304,
    "community_exclusivity": 0.5145069122121801,
    "universe_randomness_factor": 0.36687414814014147,
    "max_mean_community_deviation": 0.14873750460775148,
    "max_max_community_deviation": 0.4208188474514666,
    "community_imbalance_range_0": 0.12721056292993965,
    "degree_separation_range_0": 0.13981945565580628,
    "power_law_exponent_range_0": 3.31330809725888
  },
  "all_parameters": {
    "universe_homophily": 0.0,
    "universe_edge_density": 0.01,
    "homophily_range_0": 0.03451636991693369,
    "density_range_0": 0.03045332696397407,
    "degree_heterogeneity": 0.22005186776738944,
    "edge_noise": 0.07217688598960463,
    "cluster_count_factor": 0.8561363948789376,
    "center_variance": 0.9290097093237397,
    "cluster_variance": 0.3497405958941116,
    "assignment_skewness": 0.43292976982672304,
    "community_exclusivity": 0.5145069122121801,
    "universe_randomness_factor": 0.36687414814014147,
    "max_mean_community_deviation": 0.14873750460775148,
    "max_max_community_deviation": 0.4208188474514666,
    "community_imbalance_range_0": 0.12721056292993965,
    "degree_separation_range_0": 0.13981945565580628,
    "power_law_exponent_range_0": 3.31330809725888
  },
  "family_stats": {
    "n_graphs": 10,
    "node_counts": [
      35,
      62,
      111,
      57,
      83,
      101,
      30,
      93,
      31,
      89
    ],
    "edge_counts": [
      31,
      62,
      188,
      56,
      135,
      175,
      31,
      122,
      32,
      138
    ],
    "densities": [
      0.052100840336134456,
      0.03278688524590164,
      0.030794430794430793,
      0.03508771929824561,
      0.03967087863649721,
      0.034653465346534656,
      0.07126436781609195,
      0.02851799906498364,
      0.06881720430107527,
      0.035240040858018386
    ],
    "avg_degrees": [
      1.7714285714285714,
      2.0,
      3.3873873873873874,
      1.9649122807017543,
      3.253012048192771,
      3.4653465346534653,
      2.066666666666667,
      2.6236559139784945,
      2.064516129032258,
      3.101123595505618
    ],
    "community_counts": [
      3,
      3,
      5,
      3,
      5,
      5,
      4,
      5,
      4,
      5
    ],
    "node_counts_mean": 69.2,
    "node_counts_std": 28.763866221354874,
    "node_counts_min": 30,
    "node_counts_max": 111,
    "edge_counts_mean": 97.0,
    "edge_counts_std": 58.27349311651053,
    "edge_counts_min": 31,
    "edge_counts_max": 188,
    "densities_mean": 0.04289338316979136,
    "densities_std": 0.014881851277858247,
    "densities_min": 0.02851799906498364,
    "densities_max": 0.07126436781609195,
    "avg_degrees_mean": 2.569804912754699,
    "avg_degrees_std": 0.6370910240459305,
    "avg_degrees_min": 1.7714285714285714,
    "avg_degrees_max": 3.4653465346534653,
    "community_counts_mean": 4.2,
    "community_counts_std": 0.8717797887081347,
    "community_counts_min": 3,
    "community_counts_max": 5
  },
  "model_results": {
    "community": {
      "gcn_accuracy": 0.211864406779661,
      "gcn_f1_macro": 0.1528842324541249,
      "gcn_train_time": 0.8022170066833496,
      "sage_accuracy": 0.23728813559322035,
      "sage_f1_macro": 0.2101236201994569,
      "sage_train_time": 0.6187529563903809,
      "mlp_accuracy": 0.3389830508474576,
      "mlp_f1_macro": 0.3181889472891083,
      "mlp_train_time": 1.0795583724975586,
      "rf_accuracy": 0.3559322033898305,
      "rf_f1_macro": 0.2782550782550782,
      "rf_train_time": 0.2621884346008301
    }
  },
  "total_time": 26.704455614089966,
  "n_graphs": 10,
  "universe_K": 5,
  "tasks": [
    "community"
  ],
  "models_run": [
    "gcn",
    "sage",
    "mlp",
    "rf"
  ]
}