{
  "node_count": 142,
  "edge_count": 668,
  "avg_degree": 9.408450704225352,
  "avg_communities_per_node": 1.0,
  "clustering_coefficient": 0.07060383347665858,
  "triangle_count": 146.0,
  "triangle_density": 0.0003125133781411876,
  "homophily": 0.12125748502994012,
  "power_law_exponent": 0.055133781673023075,
  "density": 0.06672660073918689,
  "connected_components": 1,
  "largest_component_size": 1.0
}