{
  "density": 0.10827374872318693,
  "node_count": 89,
  "avg_degree": 9.52808988764045,
  "homophily": 0.1957547169811321,
  "clustering_coefficient": 0.22805235884491284,
  "power_law_exponent": 1.192895818746647,
  "connected_components": 1,
  "largest_component_size": 89
}