{
  "density": 0.04701733764325595,
  "node_count": 83,
  "avg_degree": 3.855421686746988,
  "homophily": 0.0,
  "clustering_coefficient": 0.05200598676856649,
  "power_law_exponent": 1.5833585742814942,
  "connected_components": 1,
  "largest_component_size": 83
}