{
  "density": 0.058567833447723636,
  "node_count": 94,
  "avg_degree": 5.446808510638298,
  "homophily": 0.08984375,
  "clustering_coefficient": 0.06301821545382574,
  "power_law_exponent": 1.1225927884206364,
  "connected_components": 1,
  "largest_component_size": 94
}