{
  "node_count": 135,
  "edge_count": 836,
  "density": 0.09242675511332228,
  "avg_degree": 12.385185185185184,
  "clustering_coefficient": 0.22448707702144613,
  "triangle_count": 935.0,
  "triangle_density": 0.0023316998965074377,
  "homophily": 0.34330143540669855,
  "power_law_exponent": 1.1657238046331704,
  "connected_components": 1,
  "largest_component_size": 135,
  "avg_communities_per_node": 1.0,
  "intra_community_density": 0.3221099887766554,
  "inter_community_density": 0.0673289183222958,
  "empirical_homophily": 0.6542260308614289
}