{
  "density": 0.12585812356979406,
  "node_count": 115,
  "avg_degree": 14.347826086956522,
  "homophily": 0.2993939393939394,
  "clustering_coefficient": 0.13498110251482742,
  "power_law_exponent": 0.3897370475647554,
  "connected_components": 1,
  "largest_component_size": 115
}