{
  "density": 0.10176206860598477,
  "node_count": 139,
  "avg_degree": 14.043165467625899,
  "homophily": 0.3073770491803279,
  "clustering_coefficient": 0.11851763110952007,
  "power_law_exponent": 0.058797172750408945,
  "connected_components": 1,
  "largest_component_size": 139
}