{
  "node_count": 97,
  "edge_count": 568,
  "density": 0.12199312714776632,
  "avg_degree": 11.711340206185566,
  "clustering_coefficient": 0.13247750355886057,
  "triangle_count": 284.0,
  "triangle_density": 0.0019262072707542052,
  "homophily": 0.10211267605633803,
  "power_law_exponent": -0.2103191770846467,
  "connected_components": 1,
  "largest_component_size": 97,
  "avg_communities_per_node": 1.0,
  "intra_community_density": 0.12946428571428573,
  "inter_community_density": 0.1211977186311787,
  "empirical_homophily": 0.03297893952732454
}