{
  "density": 0.09975429975429975,
  "node_count": 111,
  "avg_degree": 10.972972972972974,
  "homophily": 0.6551724137931034,
  "clustering_coefficient": 0.4557346603012238,
  "power_law_exponent": 0.5948118482616339,
  "connected_components": 1,
  "largest_component_size": 111
}