{
  "node_count": 110,
  "edge_count": 524,
  "density": 0.08740617180984153,
  "avg_degree": 9.527272727272727,
  "clustering_coefficient": 0.07386995854387154,
  "triangle_count": 133.0,
  "triangle_density": 0.0006162542859790566,
  "homophily": 0.2099236641221374,
  "power_law_exponent": 0.06808127140390692,
  "connected_components": 1,
  "largest_component_size": 110,
  "avg_communities_per_node": 1.0,
  "intra_community_density": 0.18998272884283246,
  "inter_community_density": 0.07644017725258494,
  "empirical_homophily": 0.4261741351533156
}