{
  "density": 0.12148249828414551,
  "node_count": 94,
  "avg_degree": 11.297872340425531,
  "homophily": 0.1864406779661017,
  "clustering_coefficient": 0.10726968067393595,
  "power_law_exponent": -2.854326062256175,
  "connected_components": 1,
  "largest_component_size": 94
}