{
  "node_count": 104,
  "edge_count": 456,
  "density": 0.08513816280806571,
  "avg_degree": 8.76923076923077,
  "clustering_coefficient": 0.2164617722208348,
  "triangle_count": 340.0,
  "triangle_density": 0.0018670649738610904,
  "homophily": 0.08771929824561403,
  "power_law_exponent": 0.7316661590759277,
  "connected_components": 1,
  "largest_component_size": 104,
  "avg_communities_per_node": 1.0,
  "intra_community_density": 0.10638297872340426,
  "inter_community_density": 0.08353413654618475,
  "empirical_homophily": 0.12030954737694591
}