{
  "density": 0.10054773082942096,
  "node_count": 72,
  "avg_degree": 7.138888888888889,
  "homophily": 0.17120622568093385,
  "clustering_coefficient": 0.09325697450697448,
  "power_law_exponent": -0.5601951196533832,
  "connected_components": 1,
  "largest_component_size": 72
}