{
  "run_id": 3,
  "timestamp": "20250526_131855",
  "config_path": "multi_inductive_results\\multi_inductive_20250526_131652\\run_0003",
  "sweep_parameters": {
    "universe_homophily": 0.5,
    "universe_edge_density": 0.01
  },
  "random_parameters": {
    "homophily_range_0": 0.29670345404268,
    "density_range_0": 0.027477236342236273,
    "degree_heterogeneity": 0.3533025717595566,
    "edge_noise": 0.02318686982375181,
    "cluster_count_factor": 1.0555981431520651,
    "center_variance": 0.24966904833334444,
    "cluster_variance": 0.07183490040790065,
    "assignment_skewness": 0.1306595585666134,
    "community_exclusivity": 0.5579753557489722,
    "universe_randomness_factor": 0.313695841352213,
    "max_mean_community_deviation": 0.2640455121489061,
    "max_max_community_deviation": 0.3600409684350211,
    "community_imbalance_range_0": 0.49536084237890005,
    "degree_separation_range_0": 0.4292455238826498,
    "power_law_exponent_range_0": 2.9656122769943014
  },
  "all_parameters": {
    "universe_homophily": 0.5,
    "universe_edge_density": 0.01,
    "homophily_range_0": 0.29670345404268,
    "density_range_0": 0.027477236342236273,
    "degree_heterogeneity": 0.3533025717595566,
    "edge_noise": 0.02318686982375181,
    "cluster_count_factor": 1.0555981431520651,
    "center_variance": 0.24966904833334444,
    "cluster_variance": 0.07183490040790065,
    "assignment_skewness": 0.1306595585666134,
    "community_exclusivity": 0.5579753557489722,
    "universe_randomness_factor": 0.313695841352213,
    "max_mean_community_deviation": 0.2640455121489061,
    "max_max_community_deviation": 0.3600409684350211,
    "community_imbalance_range_0": 0.49536084237890005,
    "degree_separation_range_0": 0.4292455238826498,
    "power_law_exponent_range_0": 2.9656122769943014
  },
  "family_stats": {
    "n_graphs": 10,
    "node_counts": [
      55,
      106,
      82,
      88,
      75,
      106,
      78,
      77,
      71,
      105
    ],
    "edge_counts": [
      62,
      191,
      121,
      165,
      106,
      233,
      100,
      142,
      99,
      231
    ],
    "densities": [
      0.041750841750841754,
      0.034321653189577715,
      0.03643480879253237,
      0.04310344827586207,
      0.0381981981981982,
      0.041868823000898475,
      0.033300033300033303,
      0.048530416951469584,
      0.03983903420523139,
      0.04230769230769231
    ],
    "avg_degrees": [
      2.2545454545454544,
      3.6037735849056602,
      2.951219512195122,
      3.75,
      2.8266666666666667,
      4.39622641509434,
      2.5641025641025643,
      3.688311688311688,
      2.788732394366197,
      4.4
    ],
    "community_counts": [
      5,
      4,
      4,
      5,
      3,
      5,
      3,
      4,
      3,
      4
    ],
    "node_counts_mean": 84.3,
    "node_counts_std": 16.137224048763777,
    "node_counts_min": 55,
    "node_counts_max": 106,
    "edge_counts_mean": 145.0,
    "edge_counts_std": 55.490539734264615,
    "edge_counts_min": 62,
    "edge_counts_max": 233,
    "densities_mean": 0.039965494997233716,
    "densities_std": 0.0043288226227559115,
    "densities_min": 0.033300033300033303,
    "densities_max": 0.048530416951469584,
    "avg_degrees_mean": 3.3223578280187693,
    "avg_degrees_std": 0.7137145835023757,
    "avg_degrees_min": 2.2545454545454544,
    "avg_degrees_max": 4.4,
    "community_counts_mean": 4.0,
    "community_counts_std": 0.7745966692414834,
    "community_counts_min": 3,
    "community_counts_max": 5
  },
  "model_results": {
    "community": {
      "gcn_accuracy": 0.5034965034965035,
      "gcn_f1_macro": 0.4437890922959573,
      "gcn_train_time": 1.966522455215454,
      "sage_accuracy": 0.5034965034965035,
      "sage_f1_macro": 0.4601269026672252,
      "sage_train_time": 3.987130880355835,
      "mlp_accuracy": 0.44755244755244755,
      "mlp_f1_macro": 0.39382020518170757,
      "mlp_train_time": 1.2291014194488525,
      "rf_accuracy": 0.4125874125874126,
      "rf_f1_macro": 0.36194703949487794,
      "rf_train_time": 0.27337050437927246
    }
  },
  "total_time": 33.72528314590454,
  "n_graphs": 10,
  "universe_K": 5,
  "tasks": [
    "community"
  ],
  "models_run": [
    "gcn",
    "sage",
    "mlp",
    "rf"
  ]
}