{
  "node_count": 121,
  "edge_count": 305,
  "density": 0.04201101928374656,
  "avg_degree": 5.041322314049586,
  "clustering_coefficient": 0.09015479470024929,
  "triangle_count": 46.0,
  "triangle_density": 0.00015973331481352872,
  "homophily": 0.5934426229508196,
  "power_law_exponent": -0.439097708824595,
  "connected_components": 1,
  "largest_component_size": 121,
  "avg_communities_per_node": 1.0,
  "intra_community_density": 0.22400990099009901,
  "inter_community_density": 0.019218846869187848,
  "empirical_homophily": 0.8419689527793288
}