{
  "density": 0.045454545454545456,
  "node_count": 88,
  "avg_degree": 3.9545454545454546,
  "homophily": 0.5977011494252874,
  "clustering_coefficient": 0.13912823287823287,
  "power_law_exponent": 1.05924418662396,
  "connected_components": 1,
  "largest_component_size": 88
}