{
  "node_count": 123,
  "edge_count": 644,
  "density": 0.0858323337331734,
  "avg_degree": 10.471544715447154,
  "clustering_coefficient": 0.09357399335878526,
  "triangle_count": 202.0,
  "triangle_density": 0.0006675015944035609,
  "homophily": 0.327639751552795,
  "power_law_exponent": -0.7553666299897667,
  "connected_components": 1,
  "largest_component_size": 123,
  "avg_communities_per_node": 1.0,
  "intra_community_density": 0.1409485637942552,
  "inter_community_density": 0.0720945720945721,
  "empirical_homophily": 0.32319272532494686
}