{
  "node_count": 112,
  "edge_count": 3369,
  "density": 0.541988416988417,
  "avg_degree": 60.160714285714285,
  "clustering_coefficient": 0.5401768752085877,
  "triangle_count": 36076.0,
  "triangle_density": 0.1582836082836083,
  "homophily": 0.10299792223211636,
  "power_law_exponent": 0.8851719883707624,
  "connected_components": 1,
  "largest_component_size": 112,
  "avg_communities_per_node": 1.0,
  "intra_community_density": 0.7543478260869565,
  "inter_community_density": 0.5250173731758165,
  "empirical_homophily": 0.17925331488091933
}