{
  "node_count": 154,
  "edge_count": 354,
  "density": 0.03004838298955946,
  "avg_degree": 4.597402597402597,
  "clustering_coefficient": 0.04228181630779032,
  "triangle_count": 17.0,
  "triangle_density": 2.8480291638186374e-05,
  "homophily": 0.16101694915254236,
  "power_law_exponent": 0.9611757669391475,
  "connected_components": 1,
  "largest_component_size": 154,
  "avg_communities_per_node": 1.0,
  "intra_community_density": 0.057633973710819006,
  "inter_community_density": 0.027520385470719052,
  "empirical_homophily": 0.35363531038853435
}