{
  "node_count": 77,
  "edge_count": 218,
  "density": 0.07450444292549556,
  "avg_degree": 5.662337662337662,
  "clustering_coefficient": 0.411278836603512,
  "triangle_count": 180.0,
  "triangle_density": 0.0024606971975393026,
  "homophily": 1.0,
  "power_law_exponent": 0.6681102007111249,
  "connected_components": 6,
  "largest_component_size": 17,
  "avg_communities_per_node": 1.0,
  "intra_community_density": 0.459915611814346,
  "inter_community_density": 0.0,
  "empirical_homophily": 1.0
}