{
  "node_count": 67,
  "edge_count": 177,
  "density": 0.08005427408412483,
  "avg_degree": 5.2835820895522385,
  "clustering_coefficient": 0.09864768207266242,
  "triangle_count": 40.0,
  "triangle_density": 0.0008349859096127753,
  "homophily": 0.3107344632768362,
  "power_law_exponent": 0.9860038686969848,
  "connected_components": 1,
  "largest_component_size": 67,
  "avg_communities_per_node": 1.0,
  "intra_community_density": 0.12276785714285714,
  "inter_community_density": 0.06920022688598979,
  "empirical_homophily": 0.27904445954056495
}