{
  "n_graphs": 10,
  "node_counts": [
    49,
    33,
    61,
    56,
    45,
    53,
    40,
    59,
    77,
    60
  ],
  "edge_counts": [
    54,
    34,
    68,
    62,
    50,
    56,
    36,
    62,
    87,
    60
  ],
  "densities": [
    0.04591836734693878,
    0.06439393939393939,
    0.03715846994535519,
    0.04025974025974026,
    0.050505050505050504,
    0.040638606676342524,
    0.046153846153846156,
    0.03623611922852133,
    0.029733424470266577,
    0.03389830508474576
  ],
  "avg_degrees": [
    2.204081632653061,
    2.0606060606060606,
    2.2295081967213113,
    2.2142857142857144,
    2.2222222222222223,
    2.1132075471698113,
    1.8,
    2.1016949152542375,
    2.25974025974026,
    2.0
  ],
  "clustering_coefficients": [
    0.01746031746031746,
    0.00892255892255892,
    0.005464480874316941,
    0.005952380952380953,
    0.06646464646464646,
    0.0440251572327044,
    0.0,
    0.0,
    0.038589981447124305,
    0.0
  ],
  "community_counts": [
    4,
    4,
    3,
    3,
    5,
    4,
    3,
    4,
    3,
    5
  ],
  "node_counts_mean": 53.3,
  "node_counts_std": 11.75627492022877,
  "node_counts_min": 33.0,
  "node_counts_max": 77.0,
  "edge_counts_mean": 56.9,
  "edge_counts_std": 14.522052196573322,
  "edge_counts_min": 34.0,
  "edge_counts_max": 87.0,
  "densities_mean": 0.04248958690647465,
  "densities_std": 0.00938981607438604,
  "densities_min": 0.029733424470266577,
  "densities_max": 0.06439393939393939,
  "avg_degrees_mean": 2.120534654865268,
  "avg_degrees_std": 0.13365413571862678,
  "avg_degrees_min": 1.8,
  "avg_degrees_max": 2.25974025974026,
  "clustering_coefficients_mean": 0.018687952335404944,
  "clustering_coefficients_std": 0.021914198310661874,
  "clustering_coefficients_min": 0.0,
  "clustering_coefficients_max": 0.06646464646464646,
  "community_counts_mean": 3.8,
  "community_counts_std": 0.7483314773547882,
  "community_counts_min": 3.0,
  "community_counts_max": 5.0
}