{
  "total_time": 0.08435821533203125,
  "successful_graphs": 10,
  "failed_graphs": 0,
  "success_rate": 1.0,
  "avg_time_per_graph": 0.008435821533203125,
  "node_count_stats": {
    "mean": 53.3,
    "std": 11.75627492022877,
    "min": 33,
    "max": 77
  },
  "edge_count_stats": {
    "mean": 56.9,
    "std": 14.522052196573322,
    "min": 34,
    "max": 87
  },
  "density_stats": {
    "mean": 0.04248958690647465,
    "std": 0.00938981607438604,
    "min": 0.029733424470266577,
    "max": 0.06439393939393939
  },
  "attempts_stats": {
    "mean": 1.3,
    "std": 0.45825756949558394,
    "min": 1,
    "max": 2
  }
}