{
  "run_id": 8,
  "timestamp": "20250527_100514",
  "config_path": "results/sweep_experiments\\homophily_density_sweep_20250527_100302\\run_0008",
  "sweep_parameters": {
    "universe_homophily": 0.30000000000000004,
    "universe_edge_density": 0.1
  },
  "random_parameters": {
    "homophily_range_width": 0.14838049366140643,
    "density_range_width": 0.011404155222466811,
    "degree_heterogeneity": 0.27883174663004795,
    "edge_noise": 0.07926598194455539
  },
  "all_parameters": {
    "universe_homophily": 0.30000000000000004,
    "universe_edge_density": 0.1,
    "homophily_range_width": 0.14838049366140643,
    "density_range_width": 0.011404155222466811,
    "degree_heterogeneity": 0.27883174663004795,
    "edge_noise": 0.07926598194455539
  },
  "method": "dc_sbm",
  "degree_distribution": "standard",
  "family_properties": {
    "n_graphs": 12,
    "node_counts": [
      96,
      93,
      97,
      81,
      83,
      96,
      99,
      98,
      82,
      89,
      100,
      80
    ],
    "edge_counts": [
      670,
      653,
      491,
      457,
      761,
      695,
      978,
      1050,
      756,
      1188,
      512,
      916
    ],
    "community_counts": [
      3,
      5,
      3,
      5,
      3,
      4,
      5,
      4,
      3,
      4,
      5,
      5
    ],
    "node_counts_mean": 91.16666666666667,
    "node_counts_std": 7.3805299418281765,
    "node_counts_min": 80.0,
    "node_counts_max": 100.0,
    "edge_counts_mean": 760.5833333333334,
    "edge_counts_std": 221.4732708979172,
    "edge_counts_min": 457.0,
    "edge_counts_max": 1188.0,
    "community_counts_mean": 4.083333333333333,
    "community_counts_std": 0.8620067027323834,
    "community_counts_min": 3.0,
    "community_counts_max": 5.0
  },
  "family_consistency": {
    "pattern_preservation": {
      "score": 0.814528289831038,
      "individual_correlations": [
        0.6831300510639732,
        0.8183170883849713,
        0.8783100656536799,
        0.8183170883849713,
        0.6831300510639732,
        0.8528028654224415,
        0.8183170883849713,
        0.8528028654224415,
        0.8783100656536799,
        0.8528028654224415,
        0.8197822947299412,
        0.8183170883849713
      ],
      "std": 0.06268112296368665,
      "interpretation": "Excellent pattern preservation - rank ordering strongly maintained",
      "description": "How well rank ordering of community connections is preserved relative to universe"
    },
    "generation_fidelity": {
      "score": 0.9149465835466555,
      "individual_scores": [
        0.7895619339176062,
        0.8134560231008964,
        0.9893440744325215,
        0.936371030371715,
        0.7758980208932161,
        0.9528630810532217,
        0.9101427822150528,
        0.9231934086636087,
        0.949276926490614,
        0.9914043292788202,
        0.9800584848150862,
        0.9677889073275084
      ],
      "std": 0.07468551744002234,
      "interpretation": "Excellent generation fidelity - graphs closely match targets",
      "description": "How well graphs match their scaled probability targets (P_sub)"
    },
    "degree_consistency": {
      "score": -0.031809598448495686,
      "individual_scores": [
        -0.06401226207830335,
        -0.09448331574301323,
        0.11128027257972445,
        -0.11286491973711903,
        0.1125913420271965,
        -0.002493745182044073,
        0.011857790435669232,
        0.13242728501703968,
        -0.07512345821194048,
        0.02834686365023147,
        -0.04688528442154348,
        -0.38235574971784597
      ],
      "std": 0.1326669071858272,
      "interpretation": "Score out of expected range",
      "description": "How well actual node degrees correlate with universe degree centers"
    },
    "overall": {
      "score": 0.6854280296613783,
      "interpretation": "Moderate overall consistency - family shows some structural preservation",
      "description": "Weighted average of all consistency metrics"
    },
    "community_coverage": {
      "total_unique_communities": 5,
      "universe_communities": 5,
      "coverage_fraction": 1.0,
      "community_usage": {
        "0": 9,
        "3": 11,
        "4": 8,
        "1": 11,
        "2": 10
      },
      "avg_usage_per_community": 9.8,
      "usage_std": 1.1661903789690602,
      "min_usage": 8,
      "max_usage": 11,
      "communities_in_all_graphs": [],
      "rarely_used_communities": []
    }
  },
  "community_signals": {
    "degree_signals": {
      "mean": 0.27951632553606237,
      "std": 0.05031088916173923,
      "min": 0.21999999999999997,
      "max": 0.3735294117647059,
      "individual_values": [
        0.33368421052631575,
        0.2473684210526316,
        0.35210526315789475,
        0.26029411764705884,
        0.3735294117647059,
        0.25999999999999995,
        0.22210526315789472,
        0.23421052631578948,
        0.31764705882352945,
        0.24575163398692812,
        0.21999999999999997,
        0.2875
      ]
    },
    "structure_signals": {
      "mean": 0.11307193556562782,
      "std": 0.09822539582985859,
      "min": 0.005565323159872068,
      "max": 0.34611847680797647,
      "individual_values": [
        0.005565323159872068,
        0.036869972695937586,
        0.11219395791545589,
        0.25581024921038104,
        0.006273953837162967,
        0.0970315221200253,
        0.09154291279404826,
        0.06741271227955037,
        0.03753336306250482,
        0.17312437029462244,
        0.34611847680797647,
        0.12738641260999667
      ]
    },
    "feature_signals": {
      "mean": 0.8733217235813341,
      "std": 0.09464095040050909,
      "min": 0.6025974025974026,
      "max": 1.0,
      "individual_values": [
        1.0,
        0.9416666666666667,
        0.862962962962963,
        0.6025974025974026,
        0.919047619047619,
        0.8541666666666667,
        0.8327561327561327,
        0.8409722222222222,
        0.9152292495945747,
        0.881398013750955,
        0.8758169934640522,
        0.9532467532467532
      ]
    }
  },
  "model_results": {
    "community": {
      "gcn": {
        "test_metrics": {
          "accuracy": 0.5576208178438662,
          "precision_macro": 0.674022274022274,
          "precision_weighted": 0.6083841464882357,
          "recall_macro": 0.49906114817476616,
          "recall_weighted": 0.5576208178438662,
          "f1_macro": 0.5125775141596847,
          "f1_weighted": 0.5378140733677029
        },
        "train_time": 3.6880083084106445,
        "success": true
      },
      "sage": {
        "test_metrics": {
          "accuracy": 0.9442379182156134,
          "precision_macro": 0.9482122382122382,
          "precision_weighted": 0.9448920967508329,
          "recall_macro": 0.9212708276366616,
          "recall_weighted": 0.9442379182156134,
          "f1_macro": 0.9333138867768023,
          "f1_weighted": 0.9437027036448974
        },
        "train_time": 2.2160425186157227,
        "success": true
      },
      "mlp": {
        "test_metrics": {
          "accuracy": 0.9479553903345725,
          "precision_macro": 0.958090283245513,
          "precision_weighted": 0.9499260348157366,
          "recall_macro": 0.9284397612761834,
          "recall_weighted": 0.9479553903345725,
          "f1_macro": 0.9414845563249379,
          "f1_weighted": 0.9477723226728452
        },
        "train_time": 1.3802165985107422,
        "success": true
      },
      "rf": {
        "test_metrics": {
          "accuracy": 0.8847583643122676,
          "precision_macro": 0.9092432631967515,
          "precision_weighted": 0.8965037373699948,
          "recall_macro": 0.7980476044134384,
          "recall_weighted": 0.8847583643122676,
          "f1_macro": 0.7960049294180258,
          "f1_weighted": 0.8603135089632077
        },
        "train_time": 0.30861759185791016,
        "success": true
      }
    }
  },
  "total_time": 18.239887952804565,
  "n_graphs": 12,