{
  "node_count": 140,
  "edge_count": 1832,
  "avg_degree": 26.17142857142857,
  "avg_communities_per_node": 1.0,
  "clustering_coefficient": 0.1890522892175336,
  "triangle_count": 2984.0,
  "triangle_density": 0.0066669645649939675,
  "homophily": 0.09170305676855896,
  "power_law_exponent": -1.1180468748738461,
  "density": 0.18828365878725592,
  "connected_components": 1,
  "largest_component_size": 1.0
}