{
  "density": 0.07382039573820395,
  "node_count": 73,
  "avg_degree": 5.315068493150685,
  "homophily": 0.7989690721649485,
  "clustering_coefficient": 0.32501334282156197,
  "power_law_exponent": -0.3989894075004384,
  "connected_components": 1,
  "largest_component_size": 73
}