{
  "n_graphs": 10,
  "node_counts": [
    55,
    106,
    82,
    88,
    75,
    106,
    78,
    77,
    71,
    105
  ],
  "edge_counts": [
    62,
    191,
    121,
    165,
    106,
    233,
    100,
    142,
    99,
    231
  ],
  "densities": [
    0.041750841750841754,
    0.034321653189577715,
    0.03643480879253237,
    0.04310344827586207,
    0.0381981981981982,
    0.041868823000898475,
    0.033300033300033303,
    0.048530416951469584,
    0.03983903420523139,
    0.04230769230769231
  ],
  "avg_degrees": [
    2.2545454545454544,
    3.6037735849056602,
    2.951219512195122,
    3.75,
    2.8266666666666667,
    4.39622641509434,
    2.5641025641025643,
    3.688311688311688,
    2.788732394366197,
    4.4
  ],
  "clustering_coefficients": [
    0.04595959595959596,
    0.10919279330401475,
    0.11504065040650407,
    0.07898711137347499,
    0.005449735449735449,
    0.11971169476718865,
    0.03166971916971917,
    0.10578699799479017,
    0.08668284215094489,
    0.09393527107812821
  ],
  "community_counts": [
    5,
    4,
    4,
    5,
    3,
    5,
    3,
    4,
    3,
    4
  ],
  "node_counts_mean": 84.3,
  "node_counts_std": 16.137224048763777,
  "node_counts_min": 55.0,
  "node_counts_max": 106.0,
  "edge_counts_mean": 145.0,
  "edge_counts_std": 55.490539734264615,
  "edge_counts_min": 62.0,
  "edge_counts_max": 233.0,
  "densities_mean": 0.039965494997233716,
  "densities_std": 0.0043288226227559115,
  "densities_min": 0.033300033300033303,
  "densities_max": 0.048530416951469584,
  "avg_degrees_mean": 3.3223578280187693,
  "avg_degrees_std": 0.7137145835023757,
  "avg_degrees_min": 2.2545454545454544,
  "avg_degrees_max": 4.4,
  "clustering_coefficients_mean": 0.07924164116540963,
  "clustering_coefficients_std": 0.03688968480067934,
  "clustering_coefficients_min": 0.005449735449735449,
  "clustering_coefficients_max": 0.11971169476718865,
  "community_counts_mean": 4.0,
  "community_counts_std": 0.7745966692414834,
  "community_counts_min": 3.0,
  "community_counts_max": 5.0
}