{
  "node_count": 108,
  "edge_count": 793,
  "density": 0.13724472135687088,
  "avg_degree": 14.685185185185185,
  "clustering_coefficient": 0.13839905120490956,
  "triangle_count": 525.0,
  "triangle_density": 0.0025715629224710517,
  "homophily": 0.2673392181588903,
  "power_law_exponent": 0.10844751581431444,
  "connected_components": 1,
  "largest_component_size": 108,
  "avg_communities_per_node": 1.0,
  "intra_community_density": 0.22433862433862434,
  "inter_community_density": 0.12021518725429339,
  "empirical_homophily": 0.30219789647066897
}