{
  "run_id": 7,
  "timestamp": "20250527_100456",
  "config_path": "results/sweep_experiments\\homophily_density_sweep_20250527_100302\\run_0007",
  "sweep_parameters": {
    "universe_homophily": 0.30000000000000004,
    "universe_edge_density": 0.05
  },
  "random_parameters": {
    "homophily_range_width": 0.09028933675677438,
    "density_range_width": 0.012353091598090721,
    "degree_heterogeneity": 0.748434594541423,
    "edge_noise": 0.1783206876555528
  },
  "all_parameters": {
    "universe_homophily": 0.30000000000000004,
    "universe_edge_density": 0.05,
    "homophily_range_width": 0.09028933675677438,
    "density_range_width": 0.012353091598090721,
    "degree_heterogeneity": 0.748434594541423,
    "edge_noise": 0.1783206876555528
  },
  "method": "dc_sbm",
  "degree_distribution": "standard",
  "family_properties": {
    "n_graphs": 12,
    "node_counts": [
      90,
      80,
      92,
      90,
      82,
      90,
      94,
      91,
      94,
      92,
      89,
      96
    ],
    "edge_counts": [
      965,
      592,
      444,
      417,
      609,
      636,
      710,
      421,
      901,
      393,
      821,
      965
    ],
    "community_counts": [
      4,
      4,
      3,
      4,
      3,
      4,
      3,
      3,
      5,
      3,
      5,
      5
    ],
    "node_counts_mean": 90.0,
    "node_counts_std": 4.4907311951024935,
    "node_counts_min": 80.0,
    "node_counts_max": 96.0,
    "edge_counts_mean": 656.1666666666666,
    "edge_counts_std": 207.02086582972473,
    "edge_counts_min": 393.0,
    "edge_counts_max": 965.0,
    "community_counts_mean": 3.8333333333333335,
    "community_counts_std": 0.7993052538854533,
    "community_counts_min": 3.0,
    "community_counts_max": 5.0
  },
  "family_consistency": {
    "pattern_preservation": {
      "score": 0.8381112551485663,
      "individual_correlations": [
        0.8528028654224415,
        0.8528028654224415,
        0.8783100656536799,
        0.8528028654224415,
        0.8783100656536799,
        0.6396021490668313,
        0.8783100656536799,
        0.8911327886790069,
        0.8183170883849713,
        0.8783100656536799,
        0.8183170883849713,
        0.8183170883849713
      ],
      "std": 0.0648741621848962,
      "interpretation": "Excellent pattern preservation - rank ordering strongly maintained",
      "description": "How well rank ordering of community connections is preserved relative to universe"
    },
    "generation_fidelity": {
      "score": 0.8716351262180796,
      "individual_scores": [
        0.8786150499084492,
        0.7487674298040672,
        0.8778648294726968,
        0.9339258150630031,
        0.9936796258917004,
        0.6763914624320484,
        0.9587380202942272,
        0.7986327078611944,
        0.9519597055820082,
        0.7918674418278874,
        0.9405356748697982,
        0.9086437516098739
      ],
      "std": 0.09306234028357005,
      "interpretation": "Excellent generation fidelity - graphs closely match targets",
      "description": "How well graphs match their scaled probability targets (P_sub)"
    },
    "degree_consistency": {
      "score": -0.002211166778911519,
      "individual_scores": [
        -0.0077750968871405784,
        -0.15181628412649073,
        0.12087865033188211,
        -0.04761531123809844,
        0.06308233373128308,
        -0.19251140252330737,
        -0.10746758118815235,
        0.013776642840365231,
        0.11042450248497736,
        -0.15084171639677157,
        0.03952550972121881,
        0.28380575190329616
      ],
      "std": 0.1322128000098085,
      "interpretation": "Score out of expected range",
      "description": "How well actual node degrees correlate with universe degree centers"
    },
    "overall": {
      "score": 0.6834563191908761,
      "interpretation": "Moderate overall consistency - family shows some structural preservation",
      "description": "Weighted average of all consistency metrics"
    },
    "community_coverage": {
      "total_unique_communities": 5,
      "universe_communities": 5,
      "coverage_fraction": 1.0,
      "community_usage": {
        "0": 11,
        "1": 10,
        "3": 9,
        "4": 8,
        "2": 8
      },
      "avg_usage_per_community": 9.2,
      "usage_std": 1.16619037896906,
      "min_usage": 8,
      "max_usage": 11,
      "communities_in_all_graphs": [],
      "rarely_used_communities": []
    }
  },
  "community_signals": {
    "degree_signals": {
      "mean": 0.2939430684554523,
      "std": 0.07006800559332815,
      "min": 0.19999999999999998,
      "max": 0.43918128654970756,
      "individual_values": [
        0.19999999999999998,
        0.2875,
        0.3251461988304093,
        0.2666666666666667,
        0.29485294117647054,
        0.28888888888888886,
        0.30994152046783624,
        0.43918128654970756,
        0.20292397660818712,
        0.41228070175438597,
        0.2699346405228758,
        0.22999999999999998
      ]
    },
    "structure_signals": {
      "mean": 0.08061940112230517,
      "std": 0.05904141822843226,
      "min": 0.0008464230228036387,
      "max": 0.16794958882163039,
      "individual_values": [
        0.038387280558785236,
        0.030039913688287578,
        0.06744013907110986,
        0.1399720490228559,
        0.16758196857643115,
        0.01309805521234297,
        0.11563757138396635,
        0.0008464230228036387,
        0.07049609288505738,
        0.021698300413003302,
        0.16794958882163039,
        0.13428543081138836
      ]
    },
    "feature_signals": {
      "mean": 0.8655748664056198,
      "std": 0.07687104669399987,
      "min": 0.7149019607843137,
      "max": 1.0,
      "individual_values": [
        0.85,
        0.8247086247086246,
        0.8580827067669173,
        0.8851858925388337,
        0.9584859584859583,
        0.8838661338661339,
        0.8978000556947926,
        1.0,
        0.8348318348318348,
        0.9274821039526921,
        0.7149019607843137,
        0.7515531252373358
      ]
    }
  },
  "model_results": {
    "community": {
      "gcn": {
        "test_metrics": {
          "accuracy": 0.46153846153846156,
          "precision_macro": 0.455199125798298,
          "precision_weighted": 0.49426670054866984,
          "recall_macro": 0.418993670617221,
          "recall_weighted": 0.46153846153846156,
          "f1_macro": 0.37649032460003545,
          "f1_weighted": 0.41282042520240936
        },
        "train_time": 1.5297324657440186,
        "success": true
      },
      "sage": {
        "test_metrics": {
          "accuracy": 0.8315018315018315,
          "precision_macro": 0.669946834353614,
          "precision_weighted": 0.7308920783497055,
          "recall_macro": 0.7609022556390977,
          "recall_weighted": 0.8315018315018315,
          "f1_macro": 0.7117756077403067,
          "f1_weighted": 0.777144843873501
        },
        "train_time": 1.025320291519165,
        "success": true
      },
      "mlp": {
        "test_metrics": {
          "accuracy": 0.6776556776556777,
          "precision_macro": 0.6014762697490341,
          "precision_weighted": 0.6624538155147195,
          "recall_macro": 0.6282372598162071,
          "recall_weighted": 0.6776556776556777,
          "f1_macro": 0.5340231097509591,
          "f1_weighted": 0.5784011282031812
        },
        "train_time": 0.6301925182342529,
        "success": true
      },
      "rf": {
        "test_metrics": {
          "accuracy": 0.7619047619047619,
          "precision_macro": 0.8129761403044373,
          "precision_weighted": 0.7969040475074769,
          "recall_macro": 0.7004540930258514,
          "recall_weighted": 0.7619047619047619,
          "f1_macro": 0.65850695113853,
          "f1_weighted": 0.7151382887261045
        },
        "train_time": 0.32056188583374023,
        "success": true
      }
    }
  },
  "total_time": 11.831355094909668,
  "n_graphs": 12,
  "universe_K": 5,