{
  "community--gcn": {
    "train": {
      "accuracy": 1.0,
      "f1_macro": 1.0,
      "roc_auc": 0.0
    },
    "val": {
      "accuracy": 0.9642857142857143,
      "f1_macro": 0.9571428571428571,
      "roc_auc": 0.0
    },
    "test": {
      "accuracy": 0.9655172413793104,
      "f1_macro": 0.9619047619047618,
      "roc_auc": 0.0
    },
    "train_time": 5.123181581497192
  },
  "community--sage": {
    "train": {
      "accuracy": 0.9176470588235294,
      "f1_macro": 0.9072167598483387,
      "roc_auc": 0.0
    },
    "val": {
      "accuracy": 0.8571428571428571,
      "f1_macro": 0.7628968253968254,
      "roc_auc": 0.0
    },
    "test": {
      "accuracy": 0.7931034482758621,
      "f1_macro": 0.7522045855379189,
      "roc_auc": 0.0
    },
    "train_time": 3.591259479522705
  },
  "community--mlp": {
    "train": {
      "accuracy": 0.6470588235294118,
      "f1_macro": 0.5730359373537784,
      "roc_auc": 0.0
    },
    "val": {
      "accuracy": 0.2857142857142857,
      "f1_macro": 0.20773809523809522,
      "roc_auc": 0.0
    },
    "test": {
      "accuracy": 0.06896551724137931,
      "f1_macro": 0.051948051948051945,
      "roc_auc": 0.0
    },
    "train_time": 4.195836305618286
  },
  "community--rf": {
    "train": {
      "accuracy": 1.0,
      "f1_macro": 1.0,
      "roc_auc": 1.0
    },
    "val": {
      "accuracy": 0.07142857142857142,
      "f1_macro": 0.04691358024691358,
      "roc_auc": 0.0
    },
    "test": {
      "accuracy": 0.10344827586206896,
      "f1_macro": 0.08024691358024691,
      "roc_auc": 0.4577910593611077
    },
    "train_time": 0.14353632926940918
  },
  "k_hop_community_counts--gcn": {
    "train": {
      "mse": 0.4849039316177368,
      "r2": 0.9153062105178833
    },
    "val": {
      "mse": 1.4220571517944336,
      "r2": 0.8024663329124451
    },
    "test": {
      "mse": 1.414887547492981,
      "r2": 0.7801971435546875
    },
    "train_time": 3.796236753463745
  },
  "k_hop_community_counts--sage": {
    "train": {
      "mse": 0.4454443156719208,
      "r2": 0.9221982955932617
    },
    "val": {
      "mse": 1.608955979347229,
      "r2": 0.7765047550201416
    },
    "test": {
      "mse": 2.203003168106079,
      "r2": 0.6577633619308472
    },
    "train_time": 0.599555492401123
  },
  "k_hop_community_counts--mlp": {
    "train": {
      "mse": 5.094986915588379,
      "r2": 0.11010468006134033
    },
    "val": {
      "mse": 7.593380451202393,
      "r2": -0.054773569107055664
    },
    "test": {
      "mse": 7.054116249084473,
      "r2": -0.09585714340209961
    },
    "train_time": 0.49266481399536133
  },
  "k_hop_community_counts--rf": {
    "train": {
      "mse": 0.876756862745098,
      "r2": 0.8466643620871206
    },
    "val": {
      "mse": 7.324353174603175,
      "r2": -0.021457455303936612
    },
    "test": {
      "mse": 6.418880842911878,
      "r2": -0.0010085509468482634
    },
    "train_time": 0.23475360870361328
  }
}