{
  "node_count": 117,
  "edge_count": 229,
  "avg_degree": 3.9145299145299144,
  "avg_communities_per_node": 1.0,
  "clustering_coefficient": 0.07846987797968184,
  "triangle_count": 31.0,
  "triangle_density": 0.00011917118363894975,
  "homophily": 0.23580786026200873,
  "power_law_exponent": 1.2134055395685126,
  "density": 0.03374594753905099,
  "connected_components": 1,
  "largest_component_size": 1.0
}