{
  "node_count": 112,
  "edge_count": 374,
  "density": 0.06016731016731017,
  "avg_degree": 6.678571428571429,
  "clustering_coefficient": 0.06025011694654551,
  "triangle_count": 54.0,
  "triangle_density": 0.00023692523692523692,
  "homophily": 0.5614973262032086,
  "power_law_exponent": -0.28188086311202165,
  "connected_components": 1,
  "largest_component_size": 112,
  "avg_communities_per_node": 1.0,
  "intra_community_density": 0.15521064301552107,
  "inter_community_density": 0.03372403865926383,
  "empirical_homophily": 0.6430084899149078
}