{
  "density": 0.08344988344988345,
  "node_count": 66,
  "avg_degree": 5.424242424242424,
  "homophily": 0.0,
  "clustering_coefficient": 0.1610080045850797,
  "power_law_exponent": 0.8433215198595384,
  "connected_components": 1,
  "largest_component_size": 66
}