{
  "community--gcn": {
    "train": {
      "accuracy": 1.0,
      "f1_macro": 1.0,
      "roc_auc": 0.0
    },
    "val": {
      "accuracy": 0.8636363636363636,
      "f1_macro": 0.8173160173160173,
      "roc_auc": 0.0
    },
    "test": {
      "accuracy": 0.9166666666666666,
      "f1_macro": 0.9212962962962963,
      "roc_auc": 0.0
    },
    "train_time": 5.604621648788452
  },
  "community--sage": {
    "train": {
      "accuracy": 1.0,
      "f1_macro": 1.0,
      "roc_auc": 0.0
    },
    "val": {
      "accuracy": 0.6818181818181818,
      "f1_macro": 0.6222222222222222,
      "roc_auc": 0.0
    },
    "test": {
      "accuracy": 0.6666666666666666,
      "f1_macro": 0.5525641025641026,
      "roc_auc": 0.0
    },
    "train_time": 6.271922588348389
  },
  "community--mlp": {
    "train": {
      "accuracy": 0.9411764705882353,
      "f1_macro": 0.8153846153846154,
      "roc_auc": 0.0
    },
    "val": {
      "accuracy": 0.09090909090909091,
      "f1_macro": 0.08333333333333333,
      "roc_auc": 0.0
    },
    "test": {
      "accuracy": 0.041666666666666664,
      "f1_macro": 0.016666666666666666,
      "roc_auc": 0.0
    },
    "train_time": 4.762215614318848
  },
  "community--rf": {
    "train": {
      "accuracy": 1.0,
      "f1_macro": 1.0,
      "roc_auc": 1.0
    },
    "val": {
      "accuracy": 0.0,
      "f1_macro": 0.0,
      "roc_auc": 0.0
    },
    "test": {
      "accuracy": 0.0,
      "f1_macro": 0.0,
      "roc_auc": 0.0
    },
    "train_time": 0.14392304420471191
  },
  "k_hop_community_counts--gcn": {
    "train": {
      "mse": 0.309463232755661,
      "r2": 0.9706162810325623
    },
    "val": {
      "mse": 4.442305088043213,
      "r2": 0.6020548343658447
    },
    "test": {
      "mse": 3.3303654193878174,
      "r2": 0.6671432256698608
    },
    "train_time": 2.947409152984619
  },
  "k_hop_community_counts--sage": {
    "train": {
      "mse": 3.3939900398254395,
      "r2": 0.6777387857437134
    },
    "val": {
      "mse": 5.450662136077881,
      "r2": 0.5117254257202148
    },
    "test": {
      "mse": 5.012485504150391,
      "r2": 0.4990219473838806
    },
    "train_time": 2.6692821979522705
  },
  "k_hop_community_counts--mlp": {
    "train": {
      "mse": 6.011245250701904,
      "r2": 0.42922890186309814
    },
    "val": {
      "mse": 7.033676624298096,
      "r2": 0.36991775035858154
    },
    "test": {
      "mse": 6.629087924957275,
      "r2": 0.33744895458221436
    },
    "train_time": 0.3208198547363281
  },
  "k_hop_community_counts--rf": {
    "train": {
      "mse": 0.8728619909502262,
      "r2": 0.9170274213350494
    },
    "val": {
      "mse": 7.261561888111888,
      "r2": 0.34722116806389236
    },
    "test": {
      "mse": 6.063719551282051,
      "r2": 0.39200667289629665
    },
    "train_time": 0.20557618141174316
  }
}