{
  "density": 0.07757860711137232,
  "node_count": 83,
  "avg_degree": 6.36144578313253,
  "homophily": 0.2727272727272727,
  "clustering_coefficient": 0.062411550965767795,
  "power_law_exponent": 0.15005867053866584,
  "connected_components": 1,
  "largest_component_size": 83
}