{
  "density": 0.060398078242964996,
  "node_count": 94,
  "avg_degree": 5.617021276595745,
  "homophily": 0.18181818181818182,
  "clustering_coefficient": 0.06614396242055813,
  "power_law_exponent": 1.5050837716915832,
  "connected_components": 1,
  "largest_component_size": 94
}