{
  "node_count": 86,
  "edge_count": 417,
  "density": 0.11409028727770178,
  "avg_degree": 9.69767441860465,
  "clustering_coefficient": 0.12516672603881904,
  "triangle_count": 178.0,
  "triangle_density": 0.0017393003713113153,
  "homophily": 0.3381294964028777,
  "power_law_exponent": 0.23293221505638861,
  "connected_components": 1,
  "largest_component_size": 86,
  "avg_communities_per_node": 1.0,
  "intra_community_density": 0.44339622641509435,
  "inter_community_density": 0.0827090200779143,
  "empirical_homophily": 0.6855799457266449
}