{
  "node_count": 132,
  "edge_count": 1569,
  "avg_degree": 23.772727272727273,
  "avg_communities_per_node": 1.0,
  "clustering_coefficient": 0.18436918030598082,
  "triangle_count": 2313.0,
  "triangle_density": 0.00617359739497144,
  "homophily": 0.05289993626513703,
  "power_law_exponent": -0.9745112636666408,
  "density": 0.18147120055517002,
  "connected_components": 1,
  "largest_component_size": 1.0
}