{
  "node_count": 121,
  "edge_count": 641,
  "density": 0.08829201101928374,
  "avg_degree": 10.59504132231405,
  "clustering_coefficient": 0.18235659562003484,
  "triangle_count": 450.0,
  "triangle_density": 0.0015626085144801723,
  "homophily": 0.5117004680187207,
  "power_law_exponent": -0.4365988714299805,
  "connected_components": 1,
  "largest_component_size": 121,
  "avg_communities_per_node": 1.0,
  "intra_community_density": 0.5222929936305732,
  "inter_community_density": 0.047195416164053074,
  "empirical_homophily": 0.8342532864502964
}