{
  "density": 0.10655737704918032,
  "node_count": 61,
  "avg_degree": 6.39344262295082,
  "homophily": 0.7076923076923077,
  "clustering_coefficient": 0.5366368604073523,
  "power_law_exponent": -0.4143741707325257,
  "connected_components": 1,
  "largest_component_size": 61
}