{
  "node_count": 141,
  "edge_count": 1297,
  "density": 0.13140830800405268,
  "avg_degree": 18.397163120567377,
  "clustering_coefficient": 0.12855240276452454,
  "triangle_count": 1025.0,
  "triangle_density": 0.002241367999825064,
  "homophily": 0.13878180416345412,
  "power_law_exponent": -0.3867435136012114,
  "connected_components": 1,
  "largest_component_size": 141,
  "avg_communities_per_node": 1.0,
  "intra_community_density": 0.26392961876832843,
  "inter_community_density": 0.1215716151501959,
  "empirical_homophily": 0.3692802800424237
}