{
  "node_count": 78,
  "edge_count": 181,
  "density": 0.06027306027306027,
  "avg_degree": 4.641025641025641,
  "clustering_coefficient": 0.05425315425315425,
  "triangle_count": 17.0,
  "triangle_density": 0.00022346074977653925,
  "homophily": 0.1270718232044199,
  "power_law_exponent": 0.30678830358978454,
  "connected_components": 1,
  "largest_component_size": 78,
  "avg_communities_per_node": 1.0,
  "intra_community_density": 0.08214285714285714,
  "inter_community_density": 0.05802423797282409,
  "empirical_homophily": 0.17207047881050627
}