{
  "node_count": 134,
  "edge_count": 335,
  "density": 0.03759398496240601,
  "avg_degree": 5.0,
  "clustering_coefficient": 0.036962912709181374,
  "triangle_count": 20.0,
  "triangle_density": 5.100947756093082e-05,
  "homophily": 0.32238805970149254,
  "power_law_exponent": 1.0060758276076243,
  "connected_components": 1,
  "largest_component_size": 134,
  "avg_communities_per_node": 1.0,
  "intra_community_density": 0.05657412257726559,
  "inter_community_density": 0.03241930876892316,
  "empirical_homophily": 0.2714224347005908
}