{
  "run_id": 0,
  "timestamp": "20250527_100319",
  "config_path": "results/sweep_experiments\\homophily_density_sweep_20250527_100302\\run_0000",
  "sweep_parameters": {
    "universe_homophily": 0.1,
    "universe_edge_density": 0.05
  },
  "random_parameters": {
    "homophily_range_width": 0.11236203565420874,
    "density_range_width": 0.04753571532049581,
    "degree_heterogeneity": 0.6123957592679836,
    "edge_noise": 0.11973169683940732
  },
  "all_parameters": {
    "universe_homophily": 0.1,
    "universe_edge_density": 0.05,
    "homophily_range_width": 0.11236203565420874,
    "density_range_width": 0.04753571532049581,
    "degree_heterogeneity": 0.6123957592679836,
    "edge_noise": 0.11973169683940732
  },
  "method": "dc_sbm",
  "degree_distribution": "standard",
  "family_properties": {
    "n_graphs": 12,
    "node_counts": [
      86,
      91,
      89,
      98,
      80,
      99,
      81,
      85,
      99,
      87,
      99,
      88
    ],
    "edge_counts": [
      768,
      549,
      914,
      1187,
      598,
      704,
      772,
      252,
      376,
      726,
      1146,
      771
    ],
    "community_counts": [
      3,
      5,
      4,
      5,
      5,
      3,
      4,
      5,
      3,
      5,
      5,
      5
    ],
    "node_counts_mean": 90.16666666666667,
    "node_counts_std": 6.730940168769558,
    "node_counts_min": 80.0,
    "node_counts_max": 99.0,
    "edge_counts_mean": 730.25,
    "edge_counts_std": 262.25405144630275,
    "edge_counts_min": 252.0,
    "edge_counts_max": 1187.0,
    "community_counts_mean": 4.333333333333333,
    "community_counts_std": 0.8498365855987975,
    "community_counts_min": 3.0,
    "community_counts_max": 5.0
  },
  "family_consistency": {
    "pattern_preservation": {
      "score": 0.2587929535066506,
      "individual_correlations": [
        0.8783100656536799,
        -0.8183170883849713,
        0.0,
        0.0,
        0.7855844048495725,
        0.8783100656536799,
        0.7817359599705715,
        -0.26186146828319085,
        0.8783100656536799,
        -0.49099025303098276,
        0.6873863542433759,
        -0.21295266424560721
      ],
      "std": 0.5941372400813886,
      "interpretation": "Poor pattern preservation - limited structural similarity",
      "description": "How well rank ordering of community connections is preserved relative to universe"
    },
    "generation_fidelity": {
      "score": 0.60353724820494,
      "individual_scores": [
        0.955979548595887,
        0.9084083330583502,
        0.19173170655357555,
        -0.028700186506368547,
        0.7928316069586535,
        0.9870230355989777,
        0.7645335411169217,
        0.1544547779267485,
        0.9807710819258368,
        0.7310866331372617,
        0.6081331091049428,
        0.19619379098849363
      ],
      "std": 0.35607613081992656,
      "interpretation": "Good generation fidelity - graphs reasonably match targets",
      "description": "How well graphs match their scaled probability targets (P_sub)"
    },
    "degree_consistency": {
      "score": -0.031402295657703506,
      "individual_scores": [
        -0.1077249588991301,
        0.07185332438180313,
        0.01323662443377057,
        -0.055253922919213355,
        -0.01925922045917794,
        -0.12879731489154722,
        0.042336439473289474,
        0.010868621217181167,
        0.015951686027289663,
        -0.13993391672533803,
        -0.09553745601628598,
        0.015432546484916591
      ],
      "std": 0.06845571220912265,
      "interpretation": "Score out of expected range",
      "description": "How well actual node degrees correlate with universe degree centers"
    },
    "overall": {
      "score": 0.3386516215530956,
      "interpretation": "Very low overall consistency - family shows high structural diversity",
      "description": "Weighted average of all consistency metrics"
    },
    "community_coverage": {
      "total_unique_communities": 5,
      "universe_communities": 5,
      "coverage_fraction": 1.0,
      "community_usage": {
        "0": 10,
        "1": 11,
        "3": 12,
        "2": 9,
        "4": 10
      },
      "avg_usage_per_community": 10.4,
      "usage_std": 1.019803902718557,
      "min_usage": 9,
      "max_usage": 12,
      "communities_in_all_graphs": [
        3
      ],
      "rarely_used_communities": []
    }
  },
  "community_signals": {
    "degree_signals": {
      "mean": 0.29433379199633075,
      "std": 0.0801974560277545,
      "min": 0.15421052631578944,
      "max": 0.4529411764705883,
      "individual_values": [
        0.4529411764705883,
        0.2409356725146199,
        0.31437908496732025,
        0.15421052631578944,
        0.225,
        0.4231578947368422,
        0.3220588235294118,
        0.2705882352941177,
        0.33368421052631575,
        0.2862745098039216,
        0.2826315789473684,
        0.2261437908496732
      ]
    },
    "structure_signals": {
      "mean": 0.0784510649057679,
      "std": 0.10714085474635629,
      "min": 0.0023242596415194335,
      "max": 0.3228689348154475,
      "individual_values": [
        0.25641507455843987,
        0.04776370120870702,
        0.004894774955109929,
        0.0023242596415194335,
        0.02564291581158031,
        0.3228689348154475,
        0.010046371768246477,
        0.04743542364244775,
        0.18899430605464065,
        0.02180754964602984,
        0.00891344488576244,
        0.004306021881283693
      ]
    },
    "feature_signals": {
      "mean": 0.8339139003850354,
      "std": 0.11462324499369107,
      "min": 0.5107206518971225,
      "max": 0.9664335664335664,
      "individual_values": [
        0.9547511312217195,
        0.863052503052503,
        0.8062499999999999,
        0.8339122315592904,
        0.8260439560439561,
        0.8933503836317135,
        0.7897435897435896,
        0.5107206518971225,
        0.9342161106866987,
        0.9664335664335664,
        0.7751904270480122,
        0.8533022533022534
      ]
    }
  },
  "model_results": {
    "community": {
      "gcn": {
        "test_metrics": {
          "accuracy": 0.4053030303030303,
          "precision_macro": 0.5512145235452672,
          "precision_weighted": 0.5286862901249694,
          "recall_macro": 0.38274818318935966,
          "recall_weighted": 0.4053030303030303,
          "f1_macro": 0.3833998605286162,
          "f1_weighted": 0.39269659259444456
        },
        "train_time": 2.9194910526275635,
        "success": true
      },
      "sage": {
        "test_metrics": {
          "accuracy": 0.9204545454545454,
          "precision_macro": 0.9230563399810252,
          "precision_weighted": 0.9210431791806026,
          "recall_macro": 0.9173848210612917,
          "recall_weighted": 0.9204545454545454,
          "f1_macro": 0.9198329917699907,
          "f1_weighted": 0.9204303948904703
        },
        "train_time": 1.334083080291748,
        "success": true
      },
      "mlp": {
        "test_metrics": {
          "accuracy": 0.9431818181818182,
          "precision_macro": 0.9488842858563405,
          "precision_weighted": 0.9454780718425922,
          "recall_macro": 0.9391217605923489,
          "recall_weighted": 0.9431818181818182,
          "f1_macro": 0.9429453256142025,
          "f1_weighted": 0.9432809902133263
        },
        "train_time": 1.1349990367889404,
        "success": true
      },
      "rf": {
        "test_metrics": {
          "accuracy": 0.8522727272727273,
          "precision_macro": 0.8763709231619681,
          "precision_weighted": 0.8722313307201367,
          "recall_macro": 0.8341721513780339,
          "recall_weighted": 0.8522727272727273,
          "f1_macro": 0.8410857311081502,
          "f1_weighted": 0.849170449929158
        },
        "train_time": 0.32399702072143555,
        "success": true
      }
    }
  },
  "total_time": 16.46544599533081,
  "n_graphs": 12,
  "universe_K": 5,