{
  "node_count": 133,
  "edge_count": 629,
  "avg_degree": 9.458646616541353,
  "avg_communities_per_node": 1.0,
  "clustering_coefficient": 0.07438854206877199,
  "triangle_count": 147.0,
  "triangle_density": 0.0003835056064867234,
  "homophily": 0.26232114467408585,
  "power_law_exponent": 1.3999387250658601,
  "density": 0.07165641376167692,
  "connected_components": 1,
  "largest_component_size": 1.0
}