{
  "node_count": 117,
  "edge_count": 873,
  "density": 0.1286472148541114,
  "avg_degree": 14.923076923076923,
  "clustering_coefficient": 0.14449315460729492,
  "triangle_count": 629.0,
  "triangle_density": 0.0024180217583515936,
  "homophily": 0.286368843069874,
  "power_law_exponent": -0.11434633958706837,
  "connected_components": 1,
  "largest_component_size": 117,
  "avg_communities_per_node": 1.0,
  "intra_community_density": 0.2244165170556553,
  "inter_community_density": 0.10983779971791255,
  "empirical_homophily": 0.3427890429171666
}