{
  "node_count": 109,
  "edge_count": 545,
  "density": 0.09259259259259259,
  "avg_degree": 10.0,
  "clustering_coefficient": 0.7133634188971194,
  "triangle_count": 1330.0,
  "triangle_density": 0.006335324435298713,
  "homophily": 1.0,
  "power_law_exponent": 0.5304276264507628,
  "connected_components": 7,
  "largest_component_size": 20,
  "avg_communities_per_node": 1.0,
  "intra_community_density": 0.6286043829296425,
  "inter_community_density": 0.0,
  "empirical_homophily": 1.0
}