{
  "density": 0.0980963480963481,
  "node_count": 144,
  "avg_degree": 14.027777777777779,
  "homophily": 0.6851485148514852,
  "clustering_coefficient": 0.18826868880717523,
  "power_law_exponent": 0.4303399824345447,
  "connected_components": 1,
  "largest_component_size": 144
}