{
  "run_id": 28,
  "timestamp": "20250527_101015",
  "config_path": "results/sweep_experiments\\homophily_density_sweep_20250527_100302\\run_0028",
  "sweep_parameters": {
    "universe_homophily": 0.8999999999999999,
    "universe_edge_density": 0.15000000000000002
  },
  "random_parameters": {
    "homophily_range_width": 0.2782441615856876,
    "density_range_width": 0.04362131472046078,
    "degree_heterogeneity": 0.5092418908168872,
    "edge_noise": 0.1810340347447594
  },
  "all_parameters": {
    "universe_homophily": 0.8999999999999999,
    "universe_edge_density": 0.15000000000000002,
    "homophily_range_width": 0.2782441615856876,
    "density_range_width": 0.04362131472046078,
    "degree_heterogeneity": 0.5092418908168872,
    "edge_noise": 0.1810340347447594
  },
  "method": "dc_sbm",
  "degree_distribution": "standard",
  "family_properties": {
    "n_graphs": 12,
    "node_counts": [
      94,
      93,
      96,
      91,
      99,
      80,
      86,
      94,
      88,
      83,
      100,
      89
    ],
    "edge_counts": [
      780,
      736,
      1031,
      944,
      958,
      575,
      771,
      788,
      784,
      552,
      1212,
      859
    ],
    "community_counts": [
      5,
      5,
      4,
      4,
      5,
      5,
      5,
      5,
      5,
      4,
      3,
      4
    ],
    "node_counts_mean": 91.08333333333333,
    "node_counts_std": 5.880169120772709,
    "node_counts_min": 80.0,
    "node_counts_max": 100.0,
    "edge_counts_mean": 832.5,
    "edge_counts_std": 177.35956886130128,
    "edge_counts_min": 552.0,
    "edge_counts_max": 1212.0,
    "community_counts_mean": 4.5,
    "community_counts_std": 0.6454972243679028,
    "community_counts_min": 3.0,
    "community_counts_max": 5.0
  },
  "family_consistency": {
    "pattern_preservation": {
      "score": 0.9134985901988307,
      "individual_correlations": [
        0.9743547036924463,
        0.9743547036924463,
        0.9607689228305228,
        0.9607689228305228,
        0.9743547036924463,
        0.8183170883849713,
        0.8183170883849713,
        0.8625819491779428,
        0.8183170883849713,
        0.9607689228305228,
        0.8783100656536799,
        0.9607689228305228
      ],
      "std": 0.06522884618289834,
      "interpretation": "Excellent pattern preservation - rank ordering strongly maintained",
      "description": "How well rank ordering of community connections is preserved relative to universe"
    },
    "generation_fidelity": {
      "score": 0.9988708621182054,
      "individual_scores": [
        0.9985460438940638,
        0.9994300198053018,
        0.9999343223289383,
        0.9996130894586921,
        0.9990713169658877,
        0.9995215251594873,
        0.9992615872782896,
        0.9993342002765482,
        0.9978673730326776,
        0.9951122622931097,
        0.9991969321261103,
        0.99956167279936
      ],
      "std": 0.0012466124170037749,
      "interpretation": "Excellent generation fidelity - graphs closely match targets",
      "description": "How well graphs match their scaled probability targets (P_sub)"
    },
    "degree_consistency": {
      "score": 0.018712323765391194,
      "individual_scores": [
        0.4631134549744831,
        0.20918789738717103,
        -0.3379120139882199,
        0.7240662553186394,
        -0.8752137023386464,
        -0.5693278167325954,
        0.22415024946752776,
        -0.15599176935150474,
        -0.14251677681868535,
        0.33726633458178884,
        0.5584292797255391,
        -0.21070350704080343
      ],
      "std": 0.4607509361277959,
      "interpretation": "No degree-community relationship - no correlation with centers",
      "description": "How well actual node degrees correlate with universe degree centers"
    },
    "overall": {
      "score": 0.7686902456798927,
      "interpretation": "Moderate overall consistency - family shows some structural preservation",
      "description": "Weighted average of all consistency metrics"
    },
    "community_coverage": {
      "total_unique_communities": 5,
      "universe_communities": 5,
      "coverage_fraction": 1.0,
      "community_usage": {
        "0": 11,
        "1": 10,
        "2": 10,
        "3": 11,
        "4": 12
      },
      "avg_usage_per_community": 10.8,
      "usage_std": 0.7483314773547883,
      "min_usage": 10,
      "max_usage": 12,
      "communities_in_all_graphs": [
        4
      ],
      "rarely_used_communities": []
    }
  },
  "community_signals": {
    "degree_signals": {
      "mean": 0.545035188051829,
      "std": 0.15106516847116558,
      "min": 0.3375,
      "max": 0.8894736842105264,
      "individual_values": [
        0.5625730994152047,
        0.4169590643274854,
        0.6136842105263158,
        0.7678362573099415,
        0.8894736842105264,
        0.475,
        0.37254901960784315,
        0.531578947368421,
        0.5320261437908497,
        0.3375,
        0.57,
        0.47124183006535947
      ]
    },
    "structure_signals": {
      "mean": 15.221526001814558,
      "std": 9.384833001423164,
      "min": 2.25064417021792,
      "max": 23.025850930040455,
      "individual_values": [
        23.025850930040455,
        23.025850930040455,
        23.025850930040455,
        23.025850930040455,
        23.025850930040455,
        4.317647645515537,
        2.25064417021792,
        9.260747613662762,
        2.329188305734929,
        23.025850930040455,
        3.31912777636035,
        23.025850930040455
      ]
    },
    "feature_signals": {
      "mean": 0.7663885567371063,
      "std": 0.1013316467253145,
      "min": 0.5467365967365968,
      "max": 0.9188311688311688,
      "individual_values": [
        0.7090909090909091,
        0.6760439560439561,
        0.8578431372549019,
        0.812878787878788,
        0.5467365967365968,
        0.6876190476190477,
        0.8350355526826115,
        0.7846422205245733,
        0.7232323232323232,
        0.9188311688311688,
        0.8944099378881987,
        0.750299043062201
      ]
    }
  },
  "model_results": {
    "community": {
      "gcn": {
        "test_metrics": {
          "accuracy": 0.937037037037037,
          "precision_macro": 0.9455522971652004,
          "precision_weighted": 0.9507023641432244,
          "recall_macro": 0.908108108108108,
          "recall_weighted": 0.937037037037037,
          "f1_macro": 0.909751018336243,
          "f1_weighted": 0.9315274332882574
        },
        "train_time": 1.174499273300171,
        "success": true
      },
      "sage": {
        "test_metrics": {
          "accuracy": 1.0,
          "precision_macro": 1.0,
          "precision_weighted": 1.0,
          "recall_macro": 1.0,
          "recall_weighted": 1.0,
          "f1_macro": 1.0,
          "f1_weighted": 1.0
        },
        "train_time": 0.8801546096801758,
        "success": true
      },
      "mlp": {
        "test_metrics": {
          "accuracy": 0.9444444444444444,
          "precision_macro": 0.9486907380934015,
          "precision_weighted": 0.9448213450987833,
          "recall_macro": 0.9454604637478378,
          "recall_weighted": 0.9444444444444444,
          "f1_macro": 0.9467438192099543,
          "f1_weighted": 0.944306049813605
        },
        "train_time": 2.0233519077301025,
        "success": true
      },
      "rf": {
        "test_metrics": {
          "accuracy": 0.8888888888888888,
          "precision_macro": 0.9046536819448855,
          "precision_weighted": 0.8953700632639273,
          "recall_macro": 0.8704530550233237,
          "recall_weighted": 0.8888888888888888,
          "f1_macro": 0.8792743703267103,
          "f1_weighted": 0.8860756390650316
        },
        "train_time": 0.32825446128845215,
        "success": true
      }
    }
  },
  "total_time": 21.00425124168396,
  "n_graphs": 12,
  "universe_K": 5,
  "tasks": [
    "community"
  ]
}