{
  "community--gcn": {
    "train": {
      "accuracy": 0.5405405405405406,
      "f1_macro": 0.4801587301587302,
      "roc_auc": 0.0
    },
    "val": {
      "accuracy": 0.3333333333333333,
      "f1_macro": 0.2407407407407407,
      "roc_auc": 0.0
    },
    "test": {
      "accuracy": 0.14285714285714285,
      "f1_macro": 0.10714285714285714,
      "roc_auc": 0.0
    },
    "train_time": 3.6465139389038086
  },
  "community--sage": {
    "train": {
      "accuracy": 0.5945945945945946,
      "f1_macro": 0.4763939763939764,
      "roc_auc": 0.0
    },
    "val": {
      "accuracy": 0.3333333333333333,
      "f1_macro": 0.3106060606060606,
      "roc_auc": 0.0
    },
    "test": {
      "accuracy": 0.14285714285714285,
      "f1_macro": 0.11363636363636365,
      "roc_auc": 0.0
    },
    "train_time": 2.972003936767578
  },
  "community--mlp": {
    "train": {
      "accuracy": 0.43243243243243246,
      "f1_macro": 0.2469654528478058,
      "roc_auc": 0.0
    },
    "val": {
      "accuracy": 0.25,
      "f1_macro": 0.21794871794871795,
      "roc_auc": 0.0
    },
    "test": {
      "accuracy": 0.21428571428571427,
      "f1_macro": 0.06666666666666667,
      "roc_auc": 0.0
    },
    "train_time": 2.5846972465515137
  },
  "community--rf": {
    "train": {
      "accuracy": 1.0,
      "f1_macro": 1.0,
      "roc_auc": 1.0
    },
    "val": {
      "accuracy": 0.08333333333333333,
      "f1_macro": 0.037037037037037035,
      "roc_auc": 0.5285037878787878
    },
    "test": {
      "accuracy": 0.14285714285714285,
      "f1_macro": 0.08333333333333333,
      "roc_auc": 0.0
    },
    "train_time": 0.1337113380432129
  },
  "k_hop_community_counts--gcn": {
    "train": {
      "mse": 1.6566340923309326,
      "r2": 0.3591949939727783
    },
    "val": {
      "mse": 1.2332818508148193,
      "r2": 0.3919234871864319
    },
    "test": {
      "mse": 2.3526785373687744,
      "r2": 0.1864863634109497
    },
    "train_time": 0.7572348117828369
  },
  "k_hop_community_counts--sage": {
    "train": {
      "mse": 0.4029608368873596,
      "r2": 0.8441301584243774
    },
    "val": {
      "mse": 1.791024088859558,
      "r2": 0.11692559719085693
    },
    "test": {
      "mse": 2.5873279571533203,
      "r2": 0.10534882545471191
    },
    "train_time": 0.9330534934997559
  },
  "k_hop_community_counts--mlp": {
    "train": {
      "mse": 2.1986477375030518,
      "r2": 0.14953792095184326
    },
    "val": {
      "mse": 1.6902843713760376,
      "r2": 0.16659587621688843
    },
    "test": {
      "mse": 2.907538652420044,
      "r2": -0.00537419319152832
    },
    "train_time": 0.3129591941833496
  },
  "k_hop_community_counts--rf": {
    "train": {
      "mse": 0.31017882882882886,
      "r2": 0.8794763762072126
    },
    "val": {
      "mse": 2.3658583333333336,
      "r2": -0.1829291666666668
    },
    "test": {
      "mse": 3.980539285714285,
      "r2": -0.392981578104872
    },
    "train_time": 0.14312076568603516
  }
}