{
  "node_count": 64,
  "edge_count": 117,
  "density": 0.05803571428571429,
  "avg_degree": 3.65625,
  "clustering_coefficient": 0.13553835359901537,
  "triangle_count": 23.0,
  "triangle_density": 0.0005520353302611367,
  "homophily": 0.26495726495726496,
  "power_law_exponent": 1.5603385999360526,
  "connected_components": 1,
  "largest_component_size": 64,
  "avg_communities_per_node": 1.0,
  "intra_community_density": 0.1103202846975089,
  "inter_community_density": 0.04956772334293948,
  "empirical_homophily": 0.3799694679991277
}