{
  "node_count": 91,
  "edge_count": 211,
  "avg_degree": 4.637362637362638,
  "avg_communities_per_node": 1.0,
  "clustering_coefficient": 0.05117580831866547,
  "triangle_count": 13.0,
  "triangle_density": 0.00010700909577314071,
  "homophily": 0.18009478672985782,
  "power_law_exponent": 0.5212801144936692,
  "density": 0.051526251526251524,
  "connected_components": 1,
  "largest_component_size": 1.0
}