{
  "node_count": 99,
  "edge_count": 531,
  "avg_degree": 10.727272727272727,
  "avg_communities_per_node": 1.0,
  "clustering_coefficient": 0.09235645189299371,
  "triangle_count": 175.0,
  "triangle_density": 0.0011157227652073014,
  "homophily": 0.064030131826742,
  "power_law_exponent": -0.6915655385722943,
  "density": 0.10946196660482375,
  "connected_components": 1,
  "largest_component_size": 1.0
}