{
  "node_count": 69,
  "edge_count": 82,
  "density": 0.03495311167945439,
  "avg_degree": 2.3768115942028984,
  "clustering_coefficient": 0.0,
  "triangle_count": 0.0,
  "triangle_density": 0.0,
  "homophily": 0.47560975609756095,
  "power_law_exponent": 2.1763532686634006,
  "connected_components": 1,
  "largest_component_size": 69,
  "avg_communities_per_node": 1.0,
  "intra_community_density": 0.16595744680851063,
  "inter_community_density": 0.02036949313121743,
  "empirical_homophily": 0.7813575091416578
}