{
  "density": 0.03801652892561983,
  "node_count": 121,
  "avg_degree": 4.56198347107438,
  "homophily": 0.38405797101449274,
  "clustering_coefficient": 0.0655331353678461,
  "power_law_exponent": 1.829298298630941,
  "connected_components": 1,
  "largest_component_size": 121
}