{
  "node_count": 149,
  "edge_count": 549,
  "density": 0.04979140214039543,
  "avg_degree": 7.369127516778524,
  "clustering_coefficient": 0.16867395230884363,
  "triangle_count": 319.0,
  "triangle_density": 0.0005904411465293536,
  "homophily": 0.10746812386156648,
  "power_law_exponent": 1.1402918368552921,
  "connected_components": 1,
  "largest_component_size": 149,
  "avg_communities_per_node": 1.0,
  "intra_community_density": 0.05953582240161453,
  "inter_community_density": 0.048829098156452415,
  "empirical_homophily": 0.09880249244888206
}