{
  "density": 0.10328638497652583,
  "node_count": 72,
  "avg_degree": 7.333333333333333,
  "homophily": 0.49242424242424243,
  "clustering_coefficient": 0.12457010582010583,
  "power_law_exponent": 0.32303661089352625,
  "connected_components": 1,
  "largest_component_size": 72
}