{
  "run_id": 13,
  "timestamp": "20250527_100623",
  "config_path": "results/sweep_experiments\\homophily_density_sweep_20250527_100302\\run_0013",
  "sweep_parameters": {
    "universe_homophily": 0.5,
    "universe_edge_density": 0.05
  },
  "random_parameters": {
    "homophily_range_width": 0.0279324860015574,
    "density_range_width": 0.04858279599948938,
    "degree_heterogeneity": 0.43870198632455226,
    "edge_noise": 0.04850454029961282
  },
  "all_parameters": {
    "universe_homophily": 0.5,
    "universe_edge_density": 0.05,
    "homophily_range_width": 0.0279324860015574,
    "density_range_width": 0.04858279599948938,
    "degree_heterogeneity": 0.43870198632455226,
    "edge_noise": 0.04850454029961282
  },
  "method": "dc_sbm",
  "degree_distribution": "standard",
  "family_properties": {
    "n_graphs": 12,
    "node_counts": [
      93,
      80,
      96,
      95,
      91,
      90,
      98,
      100,
      91,
      83,
      100,
      98
    ],
    "edge_counts": [
      642,
      257,
      941,
      775,
      740,
      927,
      502,
      262,
      918,
      486,
      1030,
      602
    ],
    "community_counts": [
      5,
      3,
      4,
      3,
      3,
      4,
      3,
      5,
      3,
      4,
      3,
      4
    ],
    "node_counts_mean": 92.91666666666667,
    "node_counts_std": 6.10270887029322,
    "node_counts_min": 80.0,
    "node_counts_max": 100.0,
    "edge_counts_mean": 673.5,
    "edge_counts_std": 250.1487890569664,
    "edge_counts_min": 257.0,
    "edge_counts_max": 1030.0,
    "community_counts_mean": 3.6666666666666665,
    "community_counts_std": 0.74535599249993,
    "community_counts_min": 3.0,
    "community_counts_max": 5.0
  },
  "family_consistency": {
    "pattern_preservation": {
      "score": 0.8600861424983024,
      "individual_correlations": [
        0.8190487086369508,
        0.8783100656536799,
        0.8528028654224415,
        0.8783100656536799,
        0.8783100656536799,
        0.8528028654224415,
        0.8783100656536799,
        0.8183170883849713,
        0.8783100656536799,
        0.8528028654224415,
        0.8783100656536799,
        0.8553989227683015
      ],
      "std": 0.02160729335620729,
      "interpretation": "Excellent pattern preservation - rank ordering strongly maintained",
      "description": "How well rank ordering of community connections is preserved relative to universe"
    },
    "generation_fidelity": {
      "score": 0.9828060756520404,
      "individual_scores": [
        0.9855671332263279,
        0.954942336283597,
        0.9919351564397831,
        0.9863231416985544,
        0.995685980350724,
        0.9936534963603776,
        0.962751504375513,
        0.9800710231858973,
        0.9935926625184921,
        0.9881570080623494,
        0.9935450671881364,
        0.9674483981347314
      ],
      "std": 0.013131112018471168,
      "interpretation": "Excellent generation fidelity - graphs closely match targets",
      "description": "How well graphs match their scaled probability targets (P_sub)"
    },
    "degree_consistency": {
      "score": -0.09684789146387353,
      "individual_scores": [
        -0.3373133600231202,
        -0.2228459086839895,
        0.32072300864069714,
        -0.13809362289740976,
        -0.31964137741249854,
        -0.01059026559501279,
        -0.27713527118790104,
        0.06685325088857079,
        0.0343935895755234,
        -0.21229210636368925,
        0.1621611205587925,
        -0.22839375506644505
      ],
      "std": 0.20022620608213018,
      "interpretation": "Score out of expected range",
      "description": "How well actual node degrees correlate with universe degree centers"
    },
    "overall": {
      "score": 0.7177873089673624,
      "interpretation": "Moderate overall consistency - family shows some structural preservation",
      "description": "Weighted average of all consistency metrics"
    },
    "community_coverage": {
      "total_unique_communities": 5,
      "universe_communities": 5,
      "coverage_fraction": 1.0,
      "community_usage": {
        "0": 8,
        "1": 8,
        "2": 9,
        "3": 11,
        "4": 8
      },
      "avg_usage_per_community": 8.8,
      "usage_std": 1.1661903789690602,
      "min_usage": 8,
      "max_usage": 11,
      "communities_in_all_graphs": [],
      "rarely_used_communities": []
    }
  },
  "community_signals": {
    "degree_signals": {
      "mean": 0.3239789015021213,
      "std": 0.07390517318732888,
      "min": 0.18888888888888888,
      "max": 0.44842105263157894,
      "individual_values": [
        0.3011695906432748,
        0.425,
        0.2589473684210526,
        0.3578947368421052,
        0.3730994152046783,
        0.18888888888888888,
        0.44842105263157894,
        0.27,
        0.33040935672514615,
        0.23970588235294116,
        0.38,
        0.31421052631578944
      ]
    },
    "structure_signals": {
      "mean": 0.7149610949318309,
      "std": 0.3138740968488895,
      "min": 0.2172101666135824,
      "max": 1.3794561273502695,
      "individual_values": [
        1.3794561273502695,
        0.7483764962555984,
        0.7496626106038153,
        0.2172101666135824,
        0.6105037596557896,
        0.8171909531671787,
        0.4998955220553823,
        1.0607724715657005,
        0.5023288600482929,
        1.0540981341386169,
        0.3624264133974709,
        0.5776116243302737
      ]
    },
    "feature_signals": {
      "mean": 0.8426462428838533,
      "std": 0.07493687008368902,
      "min": 0.7156862745098039,
      "max": 0.959866220735786,
      "individual_values": [
        0.7766666666666666,
        0.8800283537125643,
        0.7156862745098039,
        0.8896466799280098,
        0.8466183574879227,
        0.7555555555555555,
        0.9309263496906518,
        0.8307498383968971,
        0.8247743541861189,
        0.7682005494505495,
        0.959866220735786,
        0.9330357142857143
      ]
    }
  },
  "model_results": {
    "community": {
      "gcn": {
        "test_metrics": {
          "accuracy": 0.8384879725085911,
          "precision_macro": 0.6515434565434565,
          "precision_weighted": 0.7997269053970084,
          "recall_macro": 0.7241274957471573,
          "recall_weighted": 0.8384879725085911,
          "f1_macro": 0.6789553834227374,
          "f1_weighted": 0.8135969774353828
        },
        "train_time": 1.9329876899719238,
        "success": true
      },
      "sage": {
        "test_metrics": {
          "accuracy": 0.9347079037800687,
          "precision_macro": 0.918950685947349,
          "precision_weighted": 0.952036945721796,
          "recall_macro": 0.8035455278001612,
          "recall_weighted": 0.9347079037800687,
          "f1_macro": 0.7699979056822367,
          "f1_weighted": 0.9153899893923713
        },
        "train_time": 1.215524435043335,
        "success": true
      },
      "mlp": {
        "test_metrics": {
          "accuracy": 0.9140893470790378,
          "precision_macro": 0.7055984555984555,
          "precision_weighted": 0.8697054934168336,
          "recall_macro": 0.7753249722790416,
          "recall_weighted": 0.9140893470790378,
          "f1_macro": 0.7352575897063668,
          "f1_weighted": 0.8893416661883646
        },
        "train_time": 1.1975083351135254,
        "success": true
      },
      "rf": {
        "test_metrics": {
          "accuracy": 0.865979381443299,
          "precision_macro": 0.6990113466936393,
          "precision_weighted": 0.8167786095204983,
          "recall_macro": 0.7024314551953553,
          "recall_weighted": 0.865979381443299,
          "f1_macro": 0.6966195301573194,
          "f1_weighted": 0.838063956525438
        },
        "train_time": 0.34224796295166016,
        "success": true
      }
    }
  },
  "total_time": 13.490089654922485,
  "n_graphs": 12,
  "universe_K": 5,
  "tasks": [
    "community"
  ]
}