{
  "density": 0.03442622950819672,
  "node_count": 61,
  "avg_degree": 2.0655737704918034,
  "homophily": 0.38095238095238093,
  "clustering_coefficient": 0.018618266978922715,
  "power_law_exponent": 2.448975319524772,
  "connected_components": 3,
  "largest_component_size": 56
}