{
  "run_id": 5,
  "timestamp": "20250526_132001",
  "config_path": "multi_inductive_results\\multi_inductive_20250526_131652\\run_0005",
  "sweep_parameters": {
    "universe_homophily": 1.0,
    "universe_edge_density": 0.01
  },
  "random_parameters": {
    "homophily_range_0": 0.034046541568094855,
    "density_range_0": 0.048724154721822836,
    "degree_heterogeneity": 0.7558611701509956,
    "edge_noise": 0.10544034176781043,
    "cluster_count_factor": 1.5029287350404377,
    "center_variance": 0.7587224886681175,
    "cluster_variance": 0.34050283452873165,
    "assignment_skewness": 0.3316796857505331,
    "community_exclusivity": 0.8530155056365045,
    "universe_randomness_factor": 0.12332469088732095,
    "max_mean_community_deviation": 0.11399810782449059,
    "max_max_community_deviation": 0.10960454165814437,
    "community_imbalance_range_0": 0.04936297742440526,
    "degree_separation_range_0": 0.31030550475290186,
    "power_law_exponent_range_0": 2.997197948934596
  },
  "all_parameters": {
    "universe_homophily": 1.0,
    "universe_edge_density": 0.01,
    "homophily_range_0": 0.034046541568094855,
    "density_range_0": 0.048724154721822836,
    "degree_heterogeneity": 0.7558611701509956,
    "edge_noise": 0.10544034176781043,
    "cluster_count_factor": 1.5029287350404377,
    "center_variance": 0.7587224886681175,
    "cluster_variance": 0.34050283452873165,
    "assignment_skewness": 0.3316796857505331,
    "community_exclusivity": 0.8530155056365045,
    "universe_randomness_factor": 0.12332469088732095,
    "max_mean_community_deviation": 0.11399810782449059,
    "max_max_community_deviation": 0.10960454165814437,
    "community_imbalance_range_0": 0.04936297742440526,
    "degree_separation_range_0": 0.31030550475290186,
    "power_law_exponent_range_0": 2.997197948934596
  },
  "family_stats": {
    "n_graphs": 9,
    "node_counts": [
      76,
      94,
      86,
      91,
      103,
      103,
      69,
      16,
      82
    ],
    "edge_counts": [
      110,
      157,
      144,
      148,
      318,
      198,
      82,
      15,
      214
    ],
    "densities": [
      0.03859649122807018,
      0.03591855410661176,
      0.03939808481532148,
      0.036141636141636145,
      0.06053683609366076,
      0.03769274700171331,
      0.03495311167945439,
      0.125,
      0.0644384221619994
    ],
    "avg_degrees": [
      2.8947368421052633,
      3.3404255319148937,
      3.3488372093023258,
      3.2527472527472527,
      6.174757281553398,
      3.8446601941747574,
      2.3768115942028984,
      1.875,
      5.219512195121951
    ],
    "community_counts": [
      3,
      3,
      4,
      3,
      3,
      5,
      5,
      1,
      3
    ],
    "node_counts_mean": 80.0,
    "node_counts_std": 25.05105897074125,
    "node_counts_min": 16,
    "node_counts_max": 103,
    "edge_counts_mean": 154.0,
    "edge_counts_std": 80.97873520595117,
    "edge_counts_min": 15,
    "edge_counts_max": 318,
    "densities_mean": 0.052519542580940826,
    "densities_std": 0.027684771998954496,
    "densities_min": 0.03495311167945439,
    "densities_max": 0.125,
    "avg_degrees_mean": 3.591943122346971,
    "avg_degrees_std": 1.2706833822144834,
    "avg_degrees_min": 1.875,
    "avg_degrees_max": 6.174757281553398,
    "community_counts_mean": 3.3333333333333335,
    "community_counts_std": 1.1547005383792515,
    "community_counts_min": 1,
    "community_counts_max": 5
  },
  "model_results": {
    "community": {
      "gcn_accuracy": 0.8012422360248447,
      "gcn_f1_macro": 0.5293149425287356,
      "gcn_train_time": 4.145202159881592,
      "sage_accuracy": 0.7639751552795031,
      "sage_f1_macro": 0.5312409408207728,
      "sage_train_time": 1.6240055561065674,
      "mlp_accuracy": 0.577639751552795,
      "mlp_f1_macro": 0.37364279273745477,
      "mlp_train_time": 1.1948566436767578,
      "rf_accuracy": 0.5341614906832298,
      "rf_f1_macro": 0.34752321981424145,
      "rf_train_time": 0.2659437656402588
    }
  },
  "total_time": 33.78440976142883,
  "n_graphs": 10,
  "universe_K": 5,
  "tasks": [
    "community"
  ],
  "models_run": [
    "gcn",
    "sage",
    "mlp",
    "rf"
  ]
}