{
  "node_count": 72,
  "edge_count": 380,
  "density": 0.1486697965571205,
  "avg_degree": 10.555555555555555,
  "clustering_coefficient": 0.15580563883904955,
  "triangle_count": 213.0,
  "triangle_density": 0.0035714285714285713,
  "homophily": 0.21052631578947367,
  "power_law_exponent": 0.7692840311269898,
  "connected_components": 1,
  "largest_component_size": 72,
  "avg_communities_per_node": 1.0,
  "intra_community_density": 0.22160664819944598,
  "inter_community_density": 0.1366742596810934,
  "empirical_homophily": 0.2370553011623811
}