{
  "community--gcn": {
    "train": {
      "accuracy": 0.9803921568627451,
      "f1_macro": 0.9780219780219781,
      "roc_auc": 0.0
    },
    "val": {
      "accuracy": 0.23529411764705882,
      "f1_macro": 0.15714285714285717,
      "roc_auc": 0.0
    },
    "test": {
      "accuracy": 0.05555555555555555,
      "f1_macro": 0.04081632653061224,
      "roc_auc": 0.0
    },
    "train_time": 6.1094419956207275
  },
  "community--sage": {
    "train": {
      "accuracy": 0.45098039215686275,
      "f1_macro": 0.36897554164634905,
      "roc_auc": 0.0
    },
    "val": {
      "accuracy": 0.17647058823529413,
      "f1_macro": 0.14502164502164502,
      "roc_auc": 0.0
    },
    "test": {
      "accuracy": 0.2222222222222222,
      "f1_macro": 0.10476190476190476,
      "roc_auc": 0.0
    },
    "train_time": 2.4527454376220703
  },
  "community--mlp": {
    "train": {
      "accuracy": 0.6274509803921569,
      "f1_macro": 0.5518707482993197,
      "roc_auc": 0.0
    },
    "val": {
      "accuracy": 0.11764705882352941,
      "f1_macro": 0.07619047619047618,
      "roc_auc": 0.0
    },
    "test": {
      "accuracy": 0.2777777777777778,
      "f1_macro": 0.1619047619047619,
      "roc_auc": 0.0
    },
    "train_time": 2.670387029647827
  },
  "community--rf": {
    "train": {
      "accuracy": 1.0,
      "f1_macro": 1.0,
      "roc_auc": 1.0
    },
    "val": {
      "accuracy": 0.058823529411764705,
      "f1_macro": 0.025974025974025976,
      "roc_auc": 0.34656593406593406
    },
    "test": {
      "accuracy": 0.1111111111111111,
      "f1_macro": 0.07326007326007326,
      "roc_auc": 0.0
    },
    "train_time": 0.13440585136413574
  },
  "k_hop_community_counts--gcn": {
    "train": {
      "mse": 4.016485214233398,
      "r2": 0.42312467098236084
    },
    "val": {
      "mse": 4.553777694702148,
      "r2": 0.19987809658050537
    },
    "test": {
      "mse": 5.053384780883789,
      "r2": 0.29293471574783325
    },
    "train_time": 0.531693696975708
  },
  "k_hop_community_counts--sage": {
    "train": {
      "mse": 3.564810276031494,
      "r2": 0.4879973530769348
    },
    "val": {
      "mse": 4.2467780113220215,
      "r2": 0.25381946563720703
    },
    "test": {
      "mse": 4.29262113571167,
      "r2": 0.399380087852478
    },
    "train_time": 1.4307246208190918
  },
  "k_hop_community_counts--mlp": {
    "train": {
      "mse": 3.9441137313842773,
      "r2": 0.433519184589386
    },
    "val": {
      "mse": 4.575594902038574,
      "r2": 0.1960446834564209
    },
    "test": {
      "mse": 6.165823459625244,
      "r2": 0.13728326559066772
    },
    "train_time": 0.8314590454101562
  },
  "k_hop_community_counts--rf": {
    "train": {
      "mse": 0.7509481792717085,
      "r2": 0.891840672907711
    },
    "val": {
      "mse": 5.132622689075632,
      "r2": 0.09052941651674784
    },
    "test": {
      "mse": 5.2516428571428575,
      "r2": 0.25931610081438905
    },
    "train_time": 0.16268014907836914
  }
}