{
  "node_count": 133,
  "edge_count": 1100,
  "avg_degree": 16.541353383458645,
  "avg_communities_per_node": 1.0,
  "clustering_coefficient": 0.12139290053766127,
  "triangle_count": 734.0,
  "triangle_density": 0.0019149191507568367,
  "homophily": 0.06181818181818182,
  "power_law_exponent": -0.42132311824396984,
  "density": 0.12531328320802004,
  "connected_components": 1,
  "largest_component_size": 1.0
}