{
  "n_graphs": 10,
  "node_counts": [
    35,
    62,
    111,
    57,
    83,
    101,
    30,
    93,
    31,
    89
  ],
  "edge_counts": [
    31,
    62,
    188,
    56,
    135,
    175,
    31,
    122,
    32,
    138
  ],
  "densities": [
    0.052100840336134456,
    0.03278688524590164,
    0.030794430794430793,
    0.03508771929824561,
    0.03967087863649721,
    0.034653465346534656,
    0.07126436781609195,
    0.02851799906498364,
    0.06881720430107527,
    0.035240040858018386
  ],
  "avg_degrees": [
    1.7714285714285714,
    2.0,
    3.3873873873873874,
    1.9649122807017543,
    3.253012048192771,
    3.4653465346534653,
    2.066666666666667,
    2.6236559139784945,
    2.064516129032258,
    3.101123595505618
  ],
  "clustering_coefficients": [
    0.0,
    0.0,
    0.038507188507188504,
    0.0,
    0.010919869956014534,
    0.040472838492640474,
    0.01888888888888889,
    0.015053763440860214,
    0.03978494623655914,
    0.04816415378213131
  ],
  "community_counts": [
    3,
    3,
    5,
    3,
    5,
    5,
    4,
    5,
    4,
    5
  ],
  "node_counts_mean": 69.2,
  "node_counts_std": 28.763866221354874,
  "node_counts_min": 30.0,
  "node_counts_max": 111.0,
  "edge_counts_mean": 97.0,
  "edge_counts_std": 58.27349311651053,
  "edge_counts_min": 31.0,
  "edge_counts_max": 188.0,
  "densities_mean": 0.04289338316979136,
  "densities_std": 0.014881851277858247,
  "densities_min": 0.02851799906498364,
  "densities_max": 0.07126436781609195,
  "avg_degrees_mean": 2.569804912754699,
  "avg_degrees_std": 0.6370910240459305,
  "avg_degrees_min": 1.7714285714285714,
  "avg_degrees_max": 3.4653465346534653,
  "clustering_coefficients_mean": 0.02117916493042831,
  "clustering_coefficients_std": 0.01800155850063489,
  "clustering_coefficients_min": 0.0,
  "clustering_coefficients_max": 0.04816415378213131,
  "community_counts_mean": 4.2,
  "community_counts_std": 0.8717797887081347,
  "community_counts_min": 3.0,
  "community_counts_max": 5.0
}