{
  "total_time": 0.08936905860900879,
  "successful_graphs": 10,
  "failed_graphs": 0,
  "success_rate": 1.0,
  "avg_time_per_graph": 0.008936905860900879,
  "node_count_stats": {
    "mean": 69.2,
    "std": 28.763866221354874,
    "min": 30,
    "max": 111
  },
  "edge_count_stats": {
    "mean": 97.0,
    "std": 58.27349311651053,
    "min": 31,
    "max": 188
  },
  "density_stats": {
    "mean": 0.04289338316979136,
    "std": 0.014881851277858247,
    "min": 0.02851799906498364,
    "max": 0.07126436781609195
  },
  "attempts_stats": {
    "mean": 1.0,
    "std": 0.0,
    "min": 1,
    "max": 1
  }
}