{
  "community": {
    "gcn": {
      "test_metrics": {
        "accuracy": 0.211864406779661,
        "precision_macro": 0.1658500115021854,
        "precision_weighted": 0.18108485103695127,
        "recall_macro": 0.19072293447293448,
        "recall_weighted": 0.211864406779661,
        "f1_macro": 0.1528842324541249,
        "f1_weighted": 0.1671113852633809
      },
      "train_time": 0.8022170066833496,
      "best_epoch": 0,
      "training_history": {
        "train_loss": [
          1.657238245010376,
          1.607783317565918,
          1.5846620798110962,
          1.574361801147461,
          1.5787135362625122,
          1.5651113986968994,
          1.5304539203643799,
          1.5260778665542603,
          1.5312238931655884,
          1.52024245262146,
          1.5157928466796875,
          1.4890800714492798,
          1.4980926513671875,
          1.4854192733764648,
          1.460544466972351,
          1.450715184211731,
          1.437726616859436,
          1.4192765951156616,
          1.4354161024093628,
          1.4353668689727783,
          1.428452491760254
        ],
        "val_loss": [
          1.6531155109405518,
          1.670120358467102,
          1.6569452285766602,
          1.6396300792694092,
          1.6272677183151245,
          1.620457649230957,
          1.6182104349136353,
          1.618506669998169,
          1.6185327768325806,
          1.6200228929519653,
          1.6215415000915527,
          1.6222606897354126,
          1.6226321458816528,
          1.621024489402771,
          1.6201157569885254,
          1.6186025142669678,
          1.617648720741272,
          1.618955373764038,
          1.6231938600540161,
          1.6295515298843384,
          1.6347018480300903
        ],
        "train_metric": [
          0.11717531917995747,
          0.17801989791784023,
          0.21538608382206456,
          0.22820602426365427,
          0.20952854642824245,
          0.22201508226038563,
          0.26470732013878295,
          0.28306919555009713,
          0.2649912961735496,
          0.261794193286113,
          0.26483250214449205,
          0.31489822141069856,
          0.2711239470328946,
          0.27473097632594773,
          0.33088359172687537,
          0.31061220907828824,
          0.31290720961226515,
          0.3667073984629908,
          0.32884345061511794,
          0.32323655916509936,
          0.35291070053161555
        ],
        "val_metric": [
          0.1487536231884058,
          0.1259029649595687,
          0.14971254105855528,
          0.1609105180533752,
          0.17861608259207656,
          0.17464494680003897,
          0.15956306648253032,
          0.1564625850340136,
          0.15559860102232984,
          0.1535112506541078,
          0.17272030968596686,
          0.16730729438250608,
          0.1628507080963469,
          0.16536942049547093,
          0.17560859525110614,
          0.17323324092321052,
          0.1690262316469368,
          0.17106227106227104,
          0.16137151053734966,
          0.15871502142439717,
          0.14958195930475354
        ]
      }
    },
    "sage": {
      "test_metrics": {
        "accuracy": 0.23728813559322035,
        "precision_macro": 0.2155067155067155,
        "precision_weighted": 0.23847292067631048,
        "recall_macro": 0.21548208127155494,
        "recall_weighted": 0.23728813559322035,
        "f1_macro": 0.2101236201994569,
        "f1_weighted": 0.2321036255148915
      },
      "train_time": 0.6187529563903809,
      "best_epoch": 0,
      "training_history": {
        "train_loss": [
          1.6785703897476196,
          1.4433338642120361,
          1.0462943315505981,
          0.8705909252166748,
          0.8249054551124573,
          0.6909717321395874,
          0.5786198973655701,
          0.4820648729801178,
          0.4138926565647125,
          0.36156517267227173,
          0.30184227228164673,
          0.24878038465976715,
          0.19674573838710785,
          0.1657678186893463,
          0.15155498683452606,
          0.11634127795696259,
          0.10954567790031433,
          0.08437810093164444
        ],
        "val_loss": [
          1.6303749084472656,
          1.555035948753357,
          1.5242104530334473,
          1.523720383644104,
          1.5120822191238403,
          1.500167727470398,
          1.517447829246521,
          1.5592163801193237,
          1.603229284286499,
          1.6440629959106445,
          1.6869131326675415,
          1.734400987625122,
          1.7867157459259033,
          1.8422863483428955,
          1.9031267166137695,
          1.9676905870437622,
          2.0371861457824707,
          2.1135382652282715
        ],
        "train_metric": [
          0.20049598369115343,
          0.3222483226503926,
          0.5580931568431569,
          0.6904190300077496,
          0.7026524847303569,
          0.775976227736791,
          0.8164855686883765,
          0.9022825076257431,
          0.9029709833220227,
          0.9101957568400186,
          0.9308812679490615,
          0.9627024565621813,
          0.9894923341525235,
          0.987530988716989,
          0.9853782416732288,
          0.9955652084052188,
          0.9892635779103183,
          0.9979020786995084
        ],
        "val_metric": [
          0.17475789952261875,
          0.27960449136919724,
          0.30494857018817173,
          0.30399308789139295,
          0.32149632809376516,
          0.3420922845725606,
          0.3380385516168165,
          0.3242947151701311,
          0.3101017641891103,
          0.3023886093622402,
          0.3135560759823055,
          0.32207413833510995,
          0.31492565405608886,
          0.30354657134639873,
          0.32269773279590946,
          0.3061146246962968,
          0.28336341308894614,
          0.2813883192830561
        ]
      }
    },
    "mlp": {
      "test_metrics": {
        "accuracy": 0.3389830508474576,
        "precision_macro": 0.32349673202614376,
        "precision_weighted": 0.3447726265647502,
        "recall_macro": 0.3285312640575798,
        "recall_weighted": 0.3389830508474576,
        "f1_macro": 0.3181889472891083,
        "f1_weighted": 0.33456599761666633
      },
      "train_time": 1.0795583724975586,
      "best_epoch": 0,
      "training_history": {
        "train_loss": [
          1.6192432641983032,
          1.591416358947754,
          1.5820561647415161,
          1.572524905204773,
          1.5627045631408691,
          1.5294355154037476,
          1.5012366771697998,
          1.4975618124008179,
          1.4664517641067505,
          1.4230561256408691,
          1.3976924419403076,
          1.408908486366272,
          1.3661860227584839,
          1.3461706638336182,
          1.354923129081726,
          1.3066762685775757,
          1.230073094367981,
          1.2323777675628662,
          1.219309687614441,
          1.2188183069229126,
          1.2212815284729004,
          1.1279655694961548,
          1.1165177822113037,
          1.1243350505828857,
          1.0388715267181396,
          1.038188099861145,
          1.0709244012832642,
          0.9532658457756042,
          0.9746385812759399,
          1.0120608806610107,
          1.0012884140014648,
          0.967337429523468,
          0.9117163419723511,
          0.8673577904701233,
          0.8771217465400696,
          0.7673616409301758,
          0.7984012365341187,
          0.8039374351501465,
          0.7761344909667969
        ],