{
  "node_count": 119,
  "edge_count": 221,
  "density": 0.031476997578692496,
  "avg_degree": 3.7142857142857144,
  "clustering_coefficient": 0.01322529011604642,
  "triangle_count": 7.0,
  "triangle_density": 2.556433264309635e-05,
  "homophily": 0.12669683257918551,
  "power_law_exponent": 1.7342792694816798,
  "connected_components": 1,
  "largest_component_size": 119,
  "avg_communities_per_node": 1.0,
  "intra_community_density": 0.04674457429048414,
  "inter_community_density": 0.030052943008408595,
  "empirical_homophily": 0.21734597509334075
}