{
  "node_count": 82,
  "edge_count": 369,
  "avg_degree": 9.0,
  "avg_communities_per_node": 1.0,
  "clustering_coefficient": 0.1639279729608381,
  "triangle_count": 214.0,
  "triangle_density": 0.0024164408310749772,
  "homophily": 0.15447154471544716,
  "power_law_exponent": 0.4783883495663016,
  "density": 0.1111111111111111,
  "connected_components": 1,
  "largest_component_size": 1.0
}