{
  "density": 0.03435615001311303,
  "node_count": 124,
  "avg_degree": 4.225806451612903,
  "homophily": 0.48854961832061067,
  "clustering_coefficient": 0.04398822503661213,
  "power_law_exponent": 1.5026765050700335,
  "connected_components": 1,
  "largest_component_size": 124
}