{
  "node_count": 118,
  "edge_count": 912,
  "density": 0.13211647109952196,
  "avg_degree": 15.457627118644067,
  "clustering_coefficient": 0.14016431443467267,
  "triangle_count": 666.0,
  "triangle_density": 0.002495167018837387,
  "homophily": 0.20833333333333334,
  "power_law_exponent": 1.4715365100086242,
  "connected_components": 1,
  "largest_component_size": 118,
  "avg_communities_per_node": 1.0,
  "intra_community_density": 0.24453024453024452,
  "inter_community_density": 0.11785830884753509,
  "empirical_homophily": 0.349547287026634
}