{
  "run_id": 9,
  "timestamp": "20250527_100528",
  "config_path": "results/sweep_experiments\\homophily_density_sweep_20250527_100302\\run_0009",
  "sweep_parameters": {
    "universe_homophily": 0.30000000000000004,
    "universe_edge_density": 0.1
  },
  "random_parameters": {
    "homophily_range_width": 0.20271942465106568,
    "density_range_width": 0.002235609110147302,
    "degree_heterogeneity": 0.34031257077981464,
    "edge_noise": 0.1288039454039662
  },
  "all_parameters": {
    "universe_homophily": 0.30000000000000004,
    "universe_edge_density": 0.1,
    "homophily_range_width": 0.20271942465106568,
    "density_range_width": 0.002235609110147302,
    "degree_heterogeneity": 0.34031257077981464,
    "edge_noise": 0.1288039454039662
  },
  "method": "dc_sbm",
  "degree_distribution": "standard",
  "family_properties": {
    "n_graphs": 12,
    "node_counts": [
      85,
      94,
      88,
      85,
      86,
      91,
      86,
      95,
      95,
      89,
      87,
      92
    ],
    "edge_counts": [
      792,
      1200,
      993,
      662,
      616,
      899,
      464,
      1292,
      1035,
      541,
      703,
      715
    ],
    "community_counts": [
      3,
      3,
      3,
      4,
      4,
      4,
      4,
      3,
      3,
      3,
      4,
      3
    ],
    "node_counts_mean": 89.41666666666667,
    "node_counts_std": 3.6846151615723572,
    "node_counts_min": 85.0,
    "node_counts_max": 95.0,
    "edge_counts_mean": 826.0,
    "edge_counts_std": 249.29935151673914,
    "edge_counts_min": 464.0,
    "edge_counts_max": 1292.0,
    "community_counts_mean": 3.4166666666666665,
    "community_counts_std": 0.49300664859163473,
    "community_counts_min": 3.0,
    "community_counts_max": 4.0
  },
  "family_consistency": {
    "pattern_preservation": {
      "score": 0.6371849363538439,
      "individual_correlations": [
        0.09759000729485333,
        0.8783100656536799,
        0.8783100656536799,
        0.4264014327112208,
        0.8528028654224415,
        0.8528028654224415,
        0.8528028654224415,
        -0.29277002188455997,
        0.4879500364742666,
        0.8783100656536799,
        0.8553989227683015,
        0.8783100656536799
      ],
      "std": 0.36994769701969676,
      "interpretation": "Good pattern preservation - structural relationships mostly maintained",
      "description": "How well rank ordering of community connections is preserved relative to universe"
    },
    "generation_fidelity": {
      "score": 0.7226701826927268,
      "individual_scores": [
        0.12299647727771322,
        0.9853178000695506,
        0.9763061977881327,
        0.5411659488790388,
        0.9236514459675825,
        0.8821948513931427,
        0.8179886183912115,
        0.13520375004947321,
        0.6715866140348387,
        0.799732973191938,
        0.8782226229768169,
        0.9376748922932836
      ],
      "std": 0.2922446367056919,
      "interpretation": "Good generation fidelity - graphs reasonably match targets",
      "description": "How well graphs match their scaled probability targets (P_sub)"
    },
    "degree_consistency": {
      "score": -0.01899391901503959,
      "individual_scores": [
        0.011779466228315019,
        -0.09818069501701945,
        0.18526040861417625,
        -0.2553944776061832,
        -0.181216461994755,
        -0.20681472826573613,
        0.07724888990978752,
        -0.21342596936759345,
        0.06871987384304289,
        0.3014235952408907,
        0.05792504099681772,
        0.024748029237782063
      ],
      "std": 0.16625103730217258,
      "interpretation": "Score out of expected range",
      "description": "How well actual node degrees correlate with universe degree centers"
    },
    "overall": {
      "score": 0.5401432638156204,
      "interpretation": "Low overall consistency - family shows significant structural variation",
      "description": "Weighted average of all consistency metrics"
    },
    "community_coverage": {
      "total_unique_communities": 5,
      "universe_communities": 5,
      "coverage_fraction": 1.0,
      "community_usage": {
        "0": 8,
        "2": 8,
        "4": 10,
        "3": 8,
        "1": 7
      },
      "avg_usage_per_community": 8.2,
      "usage_std": 0.9797958971132712,
      "min_usage": 7,
      "max_usage": 10,
      "communities_in_all_graphs": [],
      "rarely_used_communities": []
    }
  },
  "community_signals": {
    "degree_signals": {
      "mean": 0.36665520009173264,
      "std": 0.06911673959741885,
      "min": 0.2803921568627451,
      "max": 0.5516339869281046,
      "individual_values": [
        0.31764705882352945,
        0.4052631578947368,
        0.41111111111111115,
        0.37647058823529406,
        0.2803921568627451,
        0.35204678362573094,
        0.407843137254902,
        0.3368421052631579,
        0.3368421052631579,
        0.5516339869281046,
        0.30915032679738563,
        0.31461988304093563
      ]
    },
    "structure_signals": {
      "mean": 0.039030893355181305,
      "std": 0.03170018925164747,
      "min": 0.0032266405622328486,
      "max": 0.11074042486893265,
      "individual_values": [
        0.004121126743533207,
        0.050184781214739814,
        0.11074042486893265,
        0.003643280698569717,
        0.04295507392504135,
        0.02941392857221363,
        0.04010363137408607,
        0.003522426245664898,
        0.0032266405622328486,
        0.060367444228605384,
        0.047184507732937635,
        0.0729074540956184
      ]
    },
    "feature_signals": {
      "mean": 0.8659944841840398,
      "std": 0.08081674473402131,
      "min": 0.6784547152194211,
      "max": 0.9324561403508772,
      "individual_values": [
        0.8441938178780285,
        0.9295460874408242,
        0.9246031746031745,
        0.9163752913752914,
        0.825,
        0.8975490196078431,
        0.7242965367965367,
        0.9324561403508772,
        0.8973112128146453,
        0.9269005847953217,
        0.6784547152194211,
        0.8952472293265133
      ]
    }
  },
  "model_results": {
    "community": {
      "gcn": {
        "test_metrics": {
          "accuracy": 0.5622641509433962,
          "precision_macro": 0.6393502331002331,
          "precision_weighted": 0.6823360601662488,
          "recall_macro": 0.6148293805962135,
          "recall_weighted": 0.5622641509433962,
          "f1_macro": 0.5268168482596824,
          "f1_weighted": 0.5278470743016228
        },
        "train_time": 2.2295916080474854,
        "success": true
      },
      "sage": {
        "test_metrics": {
          "accuracy": 0.9660377358490566,
          "precision_macro": 0.9723271910594655,
          "precision_weighted": 0.9666919565677043,
          "recall_macro": 0.947652818234133,
          "recall_weighted": 0.9660377358490566,
          "f1_macro": 0.9584130537958359,
          "f1_weighted": 0.9656482563492995
        },
        "train_time": 1.2237160205841064,
        "success": true
      },
      "mlp": {
        "test_metrics": {
          "accuracy": 0.9471698113207547,
          "precision_macro": 0.9334456544296745,
          "precision_weighted": 0.948234706404724,
          "recall_macro": 0.9450522792442133,
          "recall_weighted": 0.9471698113207547,
          "f1_macro": 0.938617216117216,
          "f1_weighted": 0.9471740963439077
        },
        "train_time": 1.3036680221557617,
        "success": true
      },
      "rf": {
        "test_metrics": {
          "accuracy": 0.9056603773584906,
          "precision_macro": 0.9247593912122337,
          "precision_weighted": 0.9094688797715397,
          "recall_macro": 0.8660186331479697,
          "recall_weighted": 0.9056603773584906,
          "f1_macro": 0.886682019951315,
          "f1_weighted": 0.9037157320360265
        },
        "train_time": 0.2952101230621338,
        "success": true
      }
    }
  },
  "total_time": 13.309863328933716,