{
  "node_count": 123,
  "edge_count": 450,
  "density": 0.059976009596161534,
  "avg_degree": 7.317073170731708,
  "clustering_coefficient": 0.05944281554037648,
  "triangle_count": 65.0,
  "triangle_density": 0.00021479011701104682,
  "homophily": 0.12,
  "power_law_exponent": 0.5419945108794693,
  "connected_components": 1,
  "largest_component_size": 123,
  "avg_communities_per_node": 1.0,
  "intra_community_density": 0.11180124223602485,
  "inter_community_density": 0.05641025641025641,
  "empirical_homophily": 0.32929369437606515
}