{
  "node_count": 132,
  "edge_count": 828,
  "density": 0.09576682859125607,
  "avg_degree": 12.545454545454545,
  "clustering_coefficient": 0.09752261191186036,
  "triangle_count": 336.0,
  "triangle_density": 0.0008968131105535686,
  "homophily": 0.16666666666666666,
  "power_law_exponent": -0.3530008605299434,
  "connected_components": 1,
  "largest_component_size": 132,
  "avg_communities_per_node": 1.0,
  "intra_community_density": 0.1830238726790451,
  "inter_community_density": 0.08743030917384693,
  "empirical_homophily": 0.35345566798147826
}