{
  "community--gcn": {
    "train": {
      "accuracy": 1.0,
      "f1_macro": 1.0,
      "roc_auc": 0.0
    },
    "val": {
      "accuracy": 0.9354838709677419,
      "f1_macro": 0.9507936507936509,
      "roc_auc": 0.0
    },
    "test": {
      "accuracy": 1.0,
      "f1_macro": 1.0,
      "roc_auc": 0.0
    },
    "train_time": 7.656783103942871
  },
  "community--sage": {
    "train": {
      "accuracy": 1.0,
      "f1_macro": 1.0,
      "roc_auc": 0.0
    },
    "val": {
      "accuracy": 0.9032258064516129,
      "f1_macro": 0.9022144522144523,
      "roc_auc": 0.0
    },
    "test": {
      "accuracy": 0.78125,
      "f1_macro": 0.7761286332714903,
      "roc_auc": 0.0
    },
    "train_time": 14.35767650604248
  },
  "community--mlp": {
    "train": {
      "accuracy": 0.851063829787234,
      "f1_macro": 0.823657049026507,
      "roc_auc": 0.0
    },
    "val": {
      "accuracy": 0.1935483870967742,
      "f1_macro": 0.1619047619047619,
      "roc_auc": 0.0
    },
    "test": {
      "accuracy": 0.15625,
      "f1_macro": 0.13849642421070993,
      "roc_auc": 0.0
    },
    "train_time": 11.610975980758667
  },
  "community--rf": {
    "train": {
      "accuracy": 1.0,
      "f1_macro": 1.0,
      "roc_auc": 1.0
    },
    "val": {
      "accuracy": 0.12903225806451613,
      "f1_macro": 0.10744810744810744,
      "roc_auc": 0.3492596051093589
    },
    "test": {
      "accuracy": 0.1875,
      "f1_macro": 0.1360544217687075,
      "roc_auc": 0.584072640550473
    },
    "train_time": 0.37984371185302734
  },
  "k_hop_community_counts--gcn": {
    "train": {
      "mse": 0.21765632927417755,
      "r2": 0.990443766117096
    },
    "val": {
      "mse": 0.41712620854377747,
      "r2": 0.9832245111465454
    },
    "test": {
      "mse": 0.4304228723049164,
      "r2": 0.9812495112419128
    },
    "train_time": 8.539201021194458
  },
  "k_hop_community_counts--sage": {
    "train": {
      "mse": 0.12594138085842133,
      "r2": 0.9944705367088318
    },
    "val": {
      "mse": 2.614964008331299,
      "r2": 0.8948343992233276
    },
    "test": {
      "mse": 4.849512100219727,
      "r2": 0.7887410521507263
    },
    "train_time": 5.016673564910889
  },
  "k_hop_community_counts--mlp": {
    "train": {
      "mse": 14.967239379882812,
      "r2": 0.3428630828857422
    },
    "val": {
      "mse": 24.29984474182129,
      "r2": 0.022737085819244385
    },
    "test": {
      "mse": 23.212419509887695,
      "r2": -0.011201024055480957
    },
    "train_time": 1.4564566612243652
  },
  "k_hop_community_counts--rf": {
    "train": {
      "mse": 3.387756686930091,
      "r2": 0.8510340768340547
    },
    "val": {
      "mse": 25.654700460829492,
      "r2": -0.03652751323338199
    },
    "test": {
      "mse": 22.867600446428572,
      "r2": -0.0006468747674233111
    },
    "train_time": 0.1658012866973877
  }
}