{
  "run_id": 4,
  "timestamp": "20250527_100411",
  "config_path": "results/sweep_experiments\\homophily_density_sweep_20250527_100302\\run_0004",
  "sweep_parameters": {
    "universe_homophily": 0.1,
    "universe_edge_density": 0.15000000000000002
  },
  "random_parameters": {
    "homophily_range_width": 0.23514970524172518,
    "density_range_width": 0.03174168530263651,
    "degree_heterogeneity": 0.27433016406102423,
    "edge_noise": 0.15161517292996354
  },
  "all_parameters": {
    "universe_homophily": 0.1,
    "universe_edge_density": 0.15000000000000002,
    "homophily_range_width": 0.23514970524172518,
    "density_range_width": 0.03174168530263651,
    "degree_heterogeneity": 0.27433016406102423,
    "edge_noise": 0.15161517292996354
  },
  "method": "dc_sbm",
  "degree_distribution": "standard",
  "family_properties": {
    "n_graphs": 12,
    "node_counts": [
      85,
      94,
      85,
      93,
      98,
      80,
      87,
      92,
      86,
      92,
      81,
      87
    ],
    "edge_counts": [
      1188,
      1342,
      708,
      1398,
      1542,
      992,
      626,
      965,
      900,
      1306,
      804,
      538
    ],
    "community_counts": [
      3,
      3,
      3,
      3,
      4,
      5,
      5,
      4,
      5,
      5,
      4,
      3
    ],
    "node_counts_mean": 88.33333333333333,
    "node_counts_std": 5.233439489369194,
    "node_counts_min": 80.0,
    "node_counts_max": 98.0,
    "edge_counts_mean": 1025.75,
    "edge_counts_std": 313.37467590729153,
    "edge_counts_min": 538.0,
    "edge_counts_max": 1542.0,
    "community_counts_mean": 3.9166666666666665,
    "community_counts_std": 0.8620067027323833,
    "community_counts_min": 3.0,
    "community_counts_max": 5.0
  },
  "family_consistency": {
    "pattern_preservation": {
      "score": 0.474308628226888,
      "individual_correlations": [
        0.8783100656536799,
        0.8783100656536799,
        0.8783100656536799,
        0.8783100656536799,
        0.6396021490668313,
        -0.8183170883849713,
        -0.22933363841834623,
        0.8528028654224415,
        -0.8183170883849713,
        0.8183170883849713,
        0.8553989227683015,
        0.8783100656536799
      ],
      "std": 0.6510960119926479,
      "interpretation": "Moderate pattern preservation - some structural similarity remains",
      "description": "How well rank ordering of community connections is preserved relative to universe"
    },
    "generation_fidelity": {
      "score": 0.8392326312045496,
      "individual_scores": [
        0.9631024547422675,
        0.9769803829123405,
        0.9915250762095901,
        0.9929958770915135,
        0.6601239455415977,
        0.8477005130744205,
        0.18956881995058564,
        0.9785860819035439,
        0.846265033057556,
        0.7100236451562977,
        0.9203728633585941,
        0.9935468814562899
      ],
      "std": 0.22396603554061287,
      "interpretation": "Excellent generation fidelity - graphs closely match targets",
      "description": "How well graphs match their scaled probability targets (P_sub)"
    },
    "degree_consistency": {
      "score": -0.012836623012070733,
      "individual_scores": [
        -0.023028889526223714,
        0.00557856125653719,
        -0.1078793401210596,
        -0.0986703036072547,
        -0.0533430593199139,
        0.07028135410838318,
        0.10639439740922528,
        -0.20643859844171147,
        0.2847140191932629,
        -0.07260009404959766,
        0.004300709706624897,
        -0.06334823275312118
      ],
      "std": 0.11973715615562602,
      "interpretation": "Score out of expected range",
      "description": "How well actual node degrees correlate with universe degree centers"
    },
    "overall": {
      "score": 0.5228491791701609,
      "interpretation": "Low overall consistency - family shows significant structural variation",
      "description": "Weighted average of all consistency metrics"
    },
    "community_coverage": {
      "total_unique_communities": 5,
      "universe_communities": 5,
      "coverage_fraction": 1.0,
      "community_usage": {
        "1": 8,
        "2": 9,
        "4": 11,
        "3": 10,
        "0": 9
      },
      "avg_usage_per_community": 9.4,
      "usage_std": 1.0198039027185568,
      "min_usage": 8,
      "max_usage": 11,
      "communities_in_all_graphs": [],
      "rarely_used_communities": []
    }
  },
  "community_signals": {
    "degree_signals": {
      "mean": 0.3052560629514964,
      "std": 0.05301686318675286,
      "min": 0.19673202614379087,
      "max": 0.3882352941176471,
      "individual_values": [
        0.32941176470588235,
        0.3830409356725146,
        0.3882352941176471,
        0.3555555555555555,
        0.28578947368421054,
        0.275,
        0.19673202614379087,
        0.28304093567251465,
        0.30196078431372547,
        0.27076023391812865,
        0.2595588235294118,
        0.3339869281045752
      ]
    },
    "structure_signals": {
      "mean": 0.11028192694179555,
      "std": 0.12181453279610367,
      "min": 0.0025654449355271267,
      "max": 0.40600621177305146,
      "individual_values": [
        0.03848956032154587,
        0.13522750438953846,
        0.25837913115463024,
        0.40600621177305146,
        0.006030441267020401,
        0.0241505004227992,
        0.0025654449355271267,
        0.1977763562687458,
        0.030484947852971466,
        0.012147276463031008,
        0.037781743364042594,
        0.1743440050886428
      ]
    },
    "feature_signals": {
      "mean": 0.8887348635387852,
      "std": 0.08470846888982723,
      "min": 0.7223249299719888,
      "max": 1.0,
      "individual_values": [
        1.0,
        0.9330065359477123,
        0.9212962962962964,
        0.9645191409897292,
        0.8343711843711843,
        0.7223249299719888,
        0.8123310023310022,
        0.9606060606060607,
        0.7480392156862745,
        0.9184371184371184,
        0.9224358974358975,
        0.9274509803921568
      ]
    }
  },
  "model_results": {
    "community": {
      "gcn": {
        "test_metrics": {
          "accuracy": 0.3977272727272727,
          "precision_macro": 0.3943001178327664,
          "precision_weighted": 0.42236894894385063,
          "recall_macro": 0.3378710178710179,
          "recall_weighted": 0.3977272727272727,
          "f1_macro": 0.3066708807416772,
          "f1_weighted": 0.3483007221392177
        },
        "train_time": 3.1817238330841064,
        "success": true
      },
      "sage": {
        "test_metrics": {
          "accuracy": 0.6856060606060606,
          "precision_macro": 0.5726156143784118,
          "precision_weighted": 0.6322381880916488,
          "recall_macro": 0.6523154623154623,
          "recall_weighted": 0.6856060606060606,
          "f1_macro": 0.5674659712476159,
          "f1_weighted": 0.6077519074339421
        },
        "train_time": 0.8800215721130371,
        "success": true
      },
      "mlp": {
        "test_metrics": {
          "accuracy": 0.6174242424242424,
          "precision_macro": 0.5734842399902641,
          "precision_weighted": 0.6458739457370345,
          "recall_macro": 0.6,
          "recall_weighted": 0.6174242424242424,
          "f1_macro": 0.4654805160066385,
          "f1_weighted": 0.489396065061479
        },
        "train_time": 0.6672985553741455,
        "success": true
      },
      "rf": {
        "test_metrics": {
          "accuracy": 0.8522727272727273,
          "precision_macro": 0.882252903298372,
          "precision_weighted": 0.880290845354254,
          "recall_macro": 0.8228626928626929,
          "recall_weighted": 0.8522727272727273,
          "f1_macro": 0.8227856800577025,
          "f1_weighted": 0.8439957269065096
        },
        "train_time": 0.2846078872680664,
        "success": true
      }
    }
  },
  "total_time": 13.481600046157837,
  "n_graphs": 12,
  "universe_K": 5,