{
  "run_id": 2,
  "timestamp": "20250526_131822",
  "config_path": "multi_inductive_results\\multi_inductive_20250526_131652\\run_0002",
  "sweep_parameters": {
    "universe_homophily": 0.5,
    "universe_edge_density": 0.01
  },
  "random_parameters": {
    "homophily_range_0": 0.2504526445996948,
    "density_range_0": 0.005239805218493487,
    "degree_heterogeneity": 0.7701764335115661,
    "edge_noise": 0.1081502508768857,
    "cluster_count_factor": 0.9108284242737223,
    "center_variance": 0.3970900139570129,
    "cluster_variance": 0.2272007979897131,
    "assignment_skewness": 0.32725808788871896,
    "community_exclusivity": 0.7549512047948033,
    "universe_randomness_factor": 0.35507399666353673,
    "max_mean_community_deviation": 0.29013155630141685,
    "max_max_community_deviation": 0.28264844357557495,
    "community_imbalance_range_0": 0.2138257605308045,
    "degree_separation_range_0": 0.1794245907839793,
    "power_law_exponent_range_0": 2.405058417085134
  },
  "all_parameters": {
    "universe_homophily": 0.5,
    "universe_edge_density": 0.01,
    "homophily_range_0": 0.2504526445996948,
    "density_range_0": 0.005239805218493487,
    "degree_heterogeneity": 0.7701764335115661,
    "edge_noise": 0.1081502508768857,
    "cluster_count_factor": 0.9108284242737223,
    "center_variance": 0.3970900139570129,
    "cluster_variance": 0.2272007979897131,
    "assignment_skewness": 0.32725808788871896,
    "community_exclusivity": 0.7549512047948033,
    "universe_randomness_factor": 0.35507399666353673,
    "max_mean_community_deviation": 0.29013155630141685,
    "max_max_community_deviation": 0.28264844357557495,
    "community_imbalance_range_0": 0.2138257605308045,
    "degree_separation_range_0": 0.1794245907839793,
    "power_law_exponent_range_0": 2.405058417085134
  },
  "family_stats": {
    "n_graphs": 10,
    "node_counts": [
      49,
      33,
      61,
      56,
      45,
      53,
      40,
      59,
      77,
      60
    ],
    "edge_counts": [
      54,
      34,
      68,
      62,
      50,
      56,
      36,
      62,
      87,
      60
    ],
    "densities": [
      0.04591836734693878,
      0.06439393939393939,
      0.03715846994535519,
      0.04025974025974026,
      0.050505050505050504,
      0.040638606676342524,
      0.046153846153846156,
      0.03623611922852133,
      0.029733424470266577,
      0.03389830508474576
    ],
    "avg_degrees": [
      2.204081632653061,
      2.0606060606060606,
      2.2295081967213113,
      2.2142857142857144,
      2.2222222222222223,
      2.1132075471698113,
      1.8,
      2.1016949152542375,
      2.25974025974026,
      2.0
    ],
    "community_counts": [
      4,
      4,
      3,
      3,
      5,
      4,
      3,
      4,
      3,
      5
    ],
    "node_counts_mean": 53.3,
    "node_counts_std": 11.75627492022877,
    "node_counts_min": 33,
    "node_counts_max": 77,
    "edge_counts_mean": 56.9,
    "edge_counts_std": 14.522052196573322,
    "edge_counts_min": 34,
    "edge_counts_max": 87,
    "densities_mean": 0.04248958690647465,
    "densities_std": 0.00938981607438604,
    "densities_min": 0.029733424470266577,
    "densities_max": 0.06439393939393939,
    "avg_degrees_mean": 2.120534654865268,
    "avg_degrees_std": 0.13365413571862678,
    "avg_degrees_min": 1.8,
    "avg_degrees_max": 2.25974025974026,
    "community_counts_mean": 3.8,
    "community_counts_std": 0.7483314773547882,
    "community_counts_min": 3,
    "community_counts_max": 5
  },
  "model_results": {
    "community": {
      "gcn_accuracy": 0.49504950495049505,
      "gcn_f1_macro": 0.32681532304173816,
      "gcn_train_time": 3.0907583236694336,
      "sage_accuracy": 0.5544554455445545,
      "sage_f1_macro": 0.36792840375586855,
      "sage_train_time": 1.5272870063781738,
      "mlp_accuracy": 0.5544554455445545,
      "mlp_f1_macro": 0.3661442006269592,
      "mlp_train_time": 1.2066080570220947,
      "rf_accuracy": 0.5544554455445545,
      "rf_f1_macro": 0.3642670468044666,
      "rf_train_time": 0.2073986530303955
    }
  },
  "total_time": 29.22505235671997,
  "n_graphs": 10,
  "universe_K": 5,
  "tasks": [
    "community"
  ],
  "models_run": [
    "gcn",
    "sage",
    "mlp",
    "rf"
  ]
}