{
  "density": 0.08196721311475409,
  "node_count": 61,
  "avg_degree": 4.918032786885246,
  "homophily": 0.08,
  "clustering_coefficient": 0.18213981228750548,
  "power_law_exponent": 1.1484021594719644,
  "connected_components": 1,
  "largest_component_size": 61
}