{
  "node_count": 172,
  "edge_count": 2159,
  "avg_degree": 25.1046511627907,
  "avg_communities_per_node": 1.0,
  "clustering_coefficient": 0.14717082991221175,
  "triangle_count": 2631.0,
  "triangle_density": 0.0031571747426020593,
  "homophily": 0.12783696155627605,
  "power_law_exponent": -1.1521670156086259,
  "density": 0.1468108255133959,
  "connected_components": 1,
  "largest_component_size": 1.0
}