{
  "density": 0.05236091631603553,
  "node_count": 93,
  "avg_degree": 4.817204301075269,
  "homophily": 0.71875,
  "clustering_coefficient": 0.21321897934801157,
  "power_law_exponent": -0.3478030615071067,
  "connected_components": 1,
  "largest_component_size": 93
}