{
  "node_count": 104,
  "edge_count": 628,
  "density": 0.11725168035847648,
  "avg_degree": 12.076923076923077,
  "clustering_coefficient": 0.23033429254895654,
  "triangle_count": 706.0,
  "triangle_density": 0.003876905504546852,
  "homophily": 0.1735668789808917,
  "power_law_exponent": 0.9923199128382542,
  "connected_components": 1,
  "largest_component_size": 104,
  "avg_communities_per_node": 1.0,
  "intra_community_density": 0.14323258869908015,
  "inter_community_density": 0.11294885745375408,
  "empirical_homophily": 0.11821203955285363
}