{
  "node_count": 174,
  "edge_count": 1996,
  "avg_degree": 22.942528735632184,
  "avg_communities_per_node": 1.0,
  "clustering_coefficient": 0.346703974165132,
  "triangle_count": 6121.0,
  "triangle_density": 0.007093324556971413,
  "homophily": 0.08016032064128256,
  "power_law_exponent": 0.6795072470493269,
  "density": 0.13261577303833633,
  "connected_components": 1,
  "largest_component_size": 1.0
}