{
  "node_count": 94,
  "edge_count": 533,
  "avg_degree": 11.340425531914894,
  "avg_communities_per_node": 1.0,
  "clustering_coefficient": 0.11562924217969991,
  "triangle_count": 234.0,
  "triangle_density": 0.0017456954432872789,
  "homophily": 0.058161350844277676,
  "power_law_exponent": -0.6672061299849021,
  "density": 0.12194005948295585,
  "connected_components": 1,
  "largest_component_size": 1.0
}