{
  "node_count": 95,
  "edge_count": 126,
  "density": 0.028219484882418815,
  "avg_degree": 2.6526315789473682,
  "clustering_coefficient": 0.015789473684210527,
  "triangle_count": 1.0,
  "triangle_density": 7.2246505075316984e-06,
  "homophily": 0.1111111111111111,
  "power_law_exponent": 2.4184482350039644,
  "connected_components": 1,
  "largest_component_size": 95,
  "avg_communities_per_node": 1.0,
  "intra_community_density": 0.04281345565749235,
  "inter_community_density": 0.02706621556307395,
  "empirical_homophily": 0.22534794196031982
}