{
  "density": 0.1307471264367816,
  "node_count": 145,
  "avg_degree": 18.82758620689655,
  "homophily": 0.5772893772893772,
  "clustering_coefficient": 0.3291850338522332,
  "power_law_exponent": 0.22304444709618243,
  "connected_components": 1,
  "largest_component_size": 145
}