{
  "node_count": 132,
  "edge_count": 805,
  "avg_degree": 12.196969696969697,
  "avg_communities_per_node": 1.0,
  "clustering_coefficient": 0.23042707322090436,
  "triangle_count": 797.0,
  "triangle_density": 0.002127262050926173,
  "homophily": 0.008695652173913044,
  "power_law_exponent": 0.6880770332732391,
  "density": 0.09310663890816563,
  "connected_components": 1,
  "largest_component_size": 1.0
}