{
  "density": 0.03619909502262444,
  "node_count": 52,
  "avg_degree": 1.8461538461538463,
  "homophily": 0.6666666666666666,
  "clustering_coefficient": 0.0,
  "power_law_exponent": 0.6714196494048895,
  "connected_components": 5,
  "largest_component_size": 26
}