{
  "density": 0.02243502051983584,
  "node_count": 86,
  "avg_degree": 1.9069767441860466,
  "homophily": 0.07317073170731707,
  "clustering_coefficient": 0.0,
  "power_law_exponent": 2.674723831881058,
  "connected_components": 5,
  "largest_component_size": 60
}