{
  "sweep_parameters": [
    "universe_homophily",
    "universe_edge_density"
  ],
  "random_parameters": [
    "homophily_range_width",
    "density_range_width",
    "degree_heterogeneity",
    "edge_noise",
    "cluster_count_factor",
    "cluster_variance",
    "center_variance",
    "assignment_skewness",
    "community_exclusivity",
    "universe_randomness_factor",
    "community_imbalance_range_width",
    "degree_separation_range_width"
  ],
  "parameter_correlations": {
    "community_gcn_accuracy": {
      "universe_homophily": 0.7086878034393957,
      "universe_edge_density": -0.21020530339168642,
      "homophily_range_width": -0.1678534047895916,
      "density_range_width": -0.07709571581691554,
      "degree_heterogeneity": 0.36117863740743467,
      "edge_noise": 0.15617065286487347,
      "cluster_count_factor": 0.5943267837093036,
      "cluster_variance": -0.5520956092834602,
      "center_variance": 0.005090902791807817,
      "assignment_skewness": -0.28345066253156764,
      "community_exclusivity": -0.15435527045960157,
      "universe_randomness_factor": 0.26078130131456023,
      "community_imbalance_range_width": 0.3090508083145993,
      "degree_separation_range_width": 0.014261567536161016
    },
    "community_gcn_f1_macro": {
      "universe_homophily": 0.656728729092204,
      "universe_edge_density": -0.21151710905368748,
      "homophily_range_width": -0.12967839783706958,
      "density_range_width": -0.09815248255168096,
      "degree_heterogeneity": 0.3670881144409268,
      "edge_noise": 0.18698674701892026,
      "cluster_count_factor": 0.618779434443374,
      "cluster_variance": -0.47779289030905325,
      "center_variance": -0.055564918521675506,
      "assignment_skewness": -0.25335642487644217,
      "community_exclusivity": -0.11881040685224314,
      "universe_randomness_factor": 0.30630150906127845,
      "community_imbalance_range_width": 0.30533672844703097,
      "degree_separation_range_width": -0.03365029210773001
    },
    "community_sage_accuracy": {
      "universe_homophily": 0.4857040801347455,
      "universe_edge_density": -0.01880215931608623,
      "homophily_range_width": -0.1191375048087748,
      "density_range_width": 0.052566297889918685,
      "degree_heterogeneity": 0.3292202201306543,
      "edge_noise": 0.16146044013675337,
      "cluster_count_factor": 0.5924356051654653,
      "cluster_variance": -0.5398873997274822,
      "center_variance": 0.0643053518964588,
      "assignment_skewness": -0.3255151648598382,
      "community_exclusivity": -0.1243952013333132,
      "universe_randomness_factor": 0.28461074880162274,
      "community_imbalance_range_width": 0.07388745455559702,
      "degree_separation_range_width": -0.004928477500522631
    },
    "community_sage_f1_macro": {
      "universe_homophily": 0.41544794514812006,
      "universe_edge_density": -0.017382877330187743,
      "homophily_range_width": -0.142042381952072,
      "density_range_width": 0.017206360128228175,
      "degree_heterogeneity": 0.3069216405495822,
      "edge_noise": 0.17095686974968552,
      "cluster_count_factor": 0.6438483158705285,
      "cluster_variance": -0.522791283331825,
      "center_variance": 0.029635416872687927,
      "assignment_skewness": -0.4304667661370723,
      "community_exclusivity": -0.10904215812428604,
      "universe_randomness_factor": 0.34995380835264084,
      "community_imbalance_range_width": 0.1350696038947329,
      "degree_separation_range_width": 0.07209402495081207
    },
    "community_mlp_accuracy": {
      "universe_homophily": 0.05149115575007427,
      "universe_edge_density": 0.23181345630919875,
      "homophily_range_width": 0.058559197893962106,
      "density_range_width": -0.0227230343418953,
      "degree_heterogeneity": 0.17510980515570973,
      "edge_noise": -0.14011885037177108,
      "cluster_count_factor": 0.5769992223260046,
      "cluster_variance": -0.6804160425655416,
      "center_variance": 0.07525139418812005,
      "assignment_skewness": -0.5456900653818512,
      "community_exclusivity": -0.011127178298086132,
      "universe_randomness_factor": 0.4402195894643457,
      "community_imbalance_range_width": -0.024133436925290578,
      "degree_separation_range_width": -0.025668655713859536
    },
    "community_mlp_f1_macro": {
      "universe_homophily": -0.007927030298655425,
      "universe_edge_density": 0.18085575685885322,
      "homophily_range_width": 0.14471297484049467,
      "density_range_width": -0.06842241747073216,
      "degree_heterogeneity": 0.24237439333431507,
      "edge_noise": -0.1726582666244336,
      "cluster_count_factor": 0.5873498625708263,
      "cluster_variance": -0.6038552945076138,
      "center_variance": 0.09676452615317227,
      "assignment_skewness": -0.5099683090441716,
      "community_exclusivity": -0.04203305688521387,
      "universe_randomness_factor": 0.43793161069512293,
      "community_imbalance_range_width": 0.09931938979465056,
      "degree_separation_range_width": -0.07490545681862591
    },
    "community_rf_accuracy": {
      "universe_homophily": -0.14226475002372138,
      "universe_edge_density": 0.022265761297301616,
      "homophily_range_width": 0.15289732410683265,
      "density_range_width": -0.06444684417266576,
      "degree_heterogeneity": 0.11187731621800129,
      "edge_noise": 0.03085559300267885,
      "cluster_count_factor": 0.2986656940170133,
      "cluster_variance": -0.6442626389499009,
      "center_variance": -0.16532224564109693,
      "assignment_skewness": -0.37748262499958485,
      "community_exclusivity": 0.24798436742473856,
      "universe_randomness_factor": 0.27185596122135763,
      "community_imbalance_range_width": -0.08681913657552477,
      "degree_separation_range_width": -0.20113103364191454
    },
    "community_rf_f1_macro": {
      "universe_homophily": -0.1738073191969647,
      "universe_edge_density": 0.0003923396527660198,
      "homophily_range_width": 0.26163834314460505,
      "density_range_width": -0.1346379351719572,
      "degree_heterogeneity": 0.15456682315958745,
      "edge_noise": -0.018099910448497084,
      "cluster_count_factor": 0.3091527291619874,
      "cluster_variance": -0.5363338041834181,
      "center_variance": -0.16580853473280682,
      "assignment_skewness": -0.3763046818100339,
      "community_exclusivity": 0.2641252097181399,
      "universe_randomness_factor": 0.29889000136920585,
      "community_imbalance_range_width": -0.024374882721653012,
      "degree_separation_range_width": -0.2097113665190291
    }
  },
  "best_configurations": {
    "community_gcn_accuracy": {
      "parameters": {
        "universe_homophily": 1.0,
        "universe_edge_density": 0.02,
        "homophily_range_width": 0.05140848542102799,
        "density_range_width": 0.03418937915355363,
        "degree_heterogeneity": 0.6636417575691156,
        "edge_noise": 0.07771304344663998,
        "cluster_count_factor": 1.3273666283354584,
        "cluster_variance": 0.18477523043007424,
        "center_variance": 0.5862367394545461,
        "assignment_skewness": 0.3717045806498944,
        "community_exclusivity": 0.7130162060383115,
        "universe_randomness_factor": 0.29407659188146384,
        "community_imbalance_range_width": 0.2869954573852961,
        "degree_separation_range_width": 0.33298711598138264
      },
      "performance": 0.9701492537313433,
      "run_id": 41,
      "method": "dccc_sbm"
    },
    "community_gcn_f1_macro": {
      "parameters": {
        "universe_homophily": 1.0,
        "universe_edge_density": 0.02,
        "homophily_range_width": 0.05140848542102799,
        "density_range_width": 0.03418937915355363,
        "degree_heterogeneity": 0.6636417575691156,
        "edge_noise": 0.07771304344663998,
        "cluster_count_factor": 1.3273666283354584,
        "cluster_variance": 0.18477523043007424,
        "center_variance": 0.5862367394545461,