{
  "n_graphs": 7,
  "node_counts": [
    93,
    81,
    105,
    28,
    102,
    83,
    42
  ],
  "edge_counts": [
    181,
    143,
    277,
    34,
    257,
    122,
    43
  ],
  "densities": [
    0.042309490416082285,
    0.0441358024691358,
    0.05073260073260073,
    0.08994708994708994,
    0.04989322461657931,
    0.03585071995298266,
    0.04994192799070848
  ],
  "avg_degrees": [
    3.89247311827957,
    3.5308641975308643,
    5.276190476190476,
    2.4285714285714284,
    5.03921568627451,
    2.9397590361445785,
    2.0476190476190474
  ],
  "clustering_coefficients": [
    0.27177167217489795,
    0.15075565925239132,
    0.19207847179275744,
    0.05697278911564627,
    0.1775096536058832,
    0.08219370990455328,
    0.05555555555555556
  ],
  "community_counts": [
    4,
    4,
    4,
    1,
    3,
    3,
    2
  ],
  "node_counts_mean": 76.28571428571429,
  "node_counts_std": 27.618390796787594,
  "node_counts_min": 28.0,
  "node_counts_max": 105.0,
  "edge_counts_mean": 151.0,
  "edge_counts_std": 88.05031029392879,
  "edge_counts_min": 34.0,
  "edge_counts_max": 277.0,
  "densities_mean": 0.05183012230359703,
  "densities_std": 0.016329687754352076,
  "densities_min": 0.03585071995298266,
  "densities_max": 0.08994708994708994,
  "avg_degrees_mean": 3.5935275700872107,
  "avg_degrees_std": 1.145739498650405,
  "avg_degrees_min": 2.0476190476190474,
  "avg_degrees_max": 5.276190476190476,
  "clustering_coefficients_mean": 0.14097678734309788,
  "clustering_coefficients_std": 0.07460167506391528,
  "clustering_coefficients_min": 0.05555555555555556,
  "clustering_coefficients_max": 0.27177167217489795,
  "community_counts_mean": 3.0,
  "community_counts_std": 1.0690449676496976,
  "community_counts_min": 1.0,
  "community_counts_max": 4.0
}