{
  "total_time": 0.14438748359680176,
  "successful_graphs": 7,
  "failed_graphs": 3,
  "success_rate": 0.7,
  "avg_time_per_graph": 0.014438748359680176,
  "node_count_stats": {
    "mean": 76.28571428571429,
    "std": 27.618390796787594,
    "min": 28,
    "max": 105
  },
  "edge_count_stats": {
    "mean": 151.0,
    "std": 88.05031029392879,
    "min": 34,
    "max": 277
  },
  "density_stats": {
    "mean": 0.05183012230359703,
    "std": 0.016329687754352076,
    "min": 0.03585071995298266,
    "max": 0.08994708994708994
  },
  "attempts_stats": {
    "mean": 2.142857142857143,
    "std": 1.1248582677159729,
    "min": 1,
    "max": 4
  }
}