{
  "sweep_parameters": [
    "universe_homophily",
    "universe_edge_density"
  ],
  "random_parameters": [
    "homophily_range_width",
    "density_range_width",
    "degree_heterogeneity",
    "edge_noise",
    "cluster_count_factor",
    "cluster_variance",
    "center_variance",
    "assignment_skewness",
    "community_exclusivity",
    "universe_randomness_factor"
  ],
  "parameter_correlations": {
    "community_gcn_accuracy": {
      "universe_homophily": 0.7861092351339588,
      "universe_edge_density": 0.06585000881949471,
      "homophily_range_width": -0.10297683593673283,
      "density_range_width": -0.038110136213817106,
      "degree_heterogeneity": 0.11187730062554073,
      "edge_noise": 0.21343388026858684,
      "cluster_count_factor": 0.4569914980175015,
      "cluster_variance": -0.382147981859025,
      "center_variance": 0.13537901023851456,
      "assignment_skewness": -0.07327952044727898,
      "community_exclusivity": -0.24382555757094657,
      "universe_randomness_factor": -0.1140737105742484
    },
    "community_gcn_f1_macro": {
      "universe_homophily": 0.7137058712338734,
      "universe_edge_density": 0.009793478929970996,
      "homophily_range_width": -0.1359335514743009,
      "density_range_width": -0.08725962590884345,
      "degree_heterogeneity": 0.12692379178944393,
      "edge_noise": 0.16841460589121454,
      "cluster_count_factor": 0.5153247949198945,
      "cluster_variance": -0.41256775581060373,
      "center_variance": 0.11038925952708546,
      "assignment_skewness": -0.09590479550583224,
      "community_exclusivity": -0.22218367724620508,
      "universe_randomness_factor": -0.015517229687249322
    },
    "community_sage_accuracy": {
      "universe_homophily": 0.5406935784804316,
      "universe_edge_density": 0.30175470746758765,
      "homophily_range_width": -0.21888331036864697,
      "density_range_width": -0.05440956247371415,
      "degree_heterogeneity": 0.030750756429316912,
      "edge_noise": 0.1813254030757634,
      "cluster_count_factor": 0.6611377495931475,
      "cluster_variance": -0.5012681326100012,
      "center_variance": 0.15689395735334524,
      "assignment_skewness": -0.189830809944065,
      "community_exclusivity": -0.1509605543694557,
      "universe_randomness_factor": -0.0453798013749345
    },
    "community_sage_f1_macro": {
      "universe_homophily": 0.47293864042114875,
      "universe_edge_density": 0.25342129641216943,
      "homophily_range_width": -0.2535778431654452,
      "density_range_width": -0.06573144371589006,
      "degree_heterogeneity": 0.0254307850283878,
      "edge_noise": 0.09819272975187347,
      "cluster_count_factor": 0.6815249972805959,
      "cluster_variance": -0.47971748916286017,
      "center_variance": 0.12173464502994163,
      "assignment_skewness": -0.17601335741765733,
      "community_exclusivity": -0.11946619547637588,
      "universe_randomness_factor": 0.004156327738651363
    },
    "community_mlp_accuracy": {
      "universe_homophily": -0.06410264969472844,
      "universe_edge_density": 0.23212301660808307,
      "homophily_range_width": -0.10386696640500562,
      "density_range_width": -0.16796555848594025,
      "degree_heterogeneity": -0.029992595896074146,
      "edge_noise": -0.025244596066031924,
      "cluster_count_factor": 0.3941290451865003,
      "cluster_variance": -0.7109845538317104,
      "center_variance": 0.07034985231287752,
      "assignment_skewness": -0.26482254970657404,
      "community_exclusivity": 0.22456427571386298,
      "universe_randomness_factor": 0.14954870338330592
    },
    "community_mlp_f1_macro": {
      "universe_homophily": -0.1467075350749651,
      "universe_edge_density": 0.1953226845983946,
      "homophily_range_width": -0.16381569750970287,
      "density_range_width": -0.10154951746174977,
      "degree_heterogeneity": -0.01744858368768604,
      "edge_noise": -0.060346616199243884,
      "cluster_count_factor": 0.4131382142789762,
      "cluster_variance": -0.6451021094353768,
      "center_variance": 0.09092652514480516,
      "assignment_skewness": -0.31447970485369786,
      "community_exclusivity": 0.22913296562633476,
      "universe_randomness_factor": 0.2525871087819742
    },
    "community_rf_accuracy": {
      "universe_homophily": 0.012456757416216654,
      "universe_edge_density": 0.19578234887302173,
      "homophily_range_width": -0.08560199329662613,
      "density_range_width": -0.15604316498564863,
      "degree_heterogeneity": 0.008440049633863134,
      "edge_noise": -0.0024737987691096004,
      "cluster_count_factor": 0.3796038688103731,
      "cluster_variance": -0.7503454308471383,
      "center_variance": 0.03451508396131882,
      "assignment_skewness": -0.2048412764678887,
      "community_exclusivity": 0.11540680114557589,
      "universe_randomness_factor": 0.13368235258562416
    },
    "community_rf_f1_macro": {
      "universe_homophily": -0.056815480384863816,
      "universe_edge_density": 0.18287923862706215,
      "homophily_range_width": -0.11332664794271852,
      "density_range_width": -0.1284185610613277,
      "degree_heterogeneity": 0.054233190655023106,
      "edge_noise": -0.08562237261477186,
      "cluster_count_factor": 0.3934915654672041,
      "cluster_variance": -0.7238182832023761,
      "center_variance": 0.08033029973221979,
      "assignment_skewness": -0.1991527529212031,
      "community_exclusivity": 0.08205332198837925,
      "universe_randomness_factor": 0.2472245251084525
    }
  },
  "best_configurations": {
    "community_gcn_accuracy": {
      "parameters": {
        "universe_homophily": 1.0,
        "universe_edge_density": 0.17,
        "homophily_range_width": 0.0999388640937668,
        "density_range_width": 0.012796856715583511,
        "degree_heterogeneity": 0.2581006309885745,
        "edge_noise": 0.009692170943916412,
        "cluster_count_factor": 1.0641851145619246,
        "cluster_variance": 0.017835135995671585,
        "center_variance": 0.23736689103703892,
        "assignment_skewness": 0.24012386528094992,
        "community_exclusivity": 0.6399491039090078,
        "universe_randomness_factor": 0.4169638923274944
      },
      "performance": 1.0,
      "run_id": 47,
      "method": "dc_sbm"
    },
    "community_gcn_f1_macro": {
      "parameters": {
        "universe_homophily": 1.0,
        "universe_edge_density": 0.17,
        "homophily_range_width": 0.0999388640937668,
        "density_range_width": 0.012796856715583511,
        "degree_heterogeneity": 0.2581006309885745,
        "edge_noise": 0.009692170943916412,
        "cluster_count_factor": 1.0641851145619246,
        "cluster_variance": 0.017835135995671585,
        "center_variance": 0.23736689103703892,
        "assignment_skewness": 0.24012386528094992,
        "community_exclusivity": 0.6399491039090078,
        "universe_randomness_factor": 0.4169638923274944
      },
      "performance": 1.0,
      "run_id": 47,
      "method": "dc_sbm"
    },
    "community_sage_accuracy": {
      "parameters": {
        "universe_homophily": 0.8,
        "universe_edge_density": 0.12000000000000001,
        "homophily_range_width": 0.10013362526807623,
        "density_range_width": 0.02340337129740576,
        "degree_heterogeneity": 0.5007825256422324,
        "edge_noise": 0.014917816545210816,
        "cluster_count_factor": 1.320277935819415,
        "cluster_variance": 0.16746837548872257,
        "center_variance": 1.1709692556900457,
        "assignment_skewness": 0.40754015393961135,
        "community_exclusivity": 0.6059209109125496,
        "universe_randomness_factor": 0.22757972836596296
      },
      "performance": 1.0,
      "run_id": 37,
      "method": "dc_sbm"
    },
    "community_sage_f1_macro": {
      "parameters": {
        "universe_homophily": 0.8,
        "universe_edge_density": 0.12000000000000001,
        "homophily_range_width": 0.10013362526807623,