{
  "density": 0.1599439775910364,
  "node_count": 120,
  "avg_degree": 19.033333333333335,
  "homophily": 0.2723292469352014,
  "clustering_coefficient": 0.21998572223586446,
  "power_law_exponent": -0.19549591940307995,
  "connected_components": 1,
  "largest_component_size": 120
}