{
  "node_count": 88,
  "edge_count": 230,
  "density": 0.060083594566353184,
  "avg_degree": 5.2272727272727275,
  "clustering_coefficient": 0.12925258221310856,
  "triangle_count": 83.0,
  "triangle_density": 0.0007563607202741125,
  "homophily": 0.28695652173913044,
  "power_law_exponent": 1.231249205764685,
  "connected_components": 1,
  "largest_component_size": 88,
  "avg_communities_per_node": 1.0,
  "intra_community_density": 0.10443037974683544,
  "inter_community_density": 0.05131414267834793,
  "empirical_homophily": 0.341047224270783
}