{
  "node_count": 69,
  "edge_count": 298,
  "density": 0.12702472293265132,
  "avg_degree": 8.63768115942029,
  "clustering_coefficient": 0.26045133611505894,
  "triangle_count": 278.0,
  "triangle_density": 0.005305951063098828,
  "homophily": 0.11073825503355705,
  "power_law_exponent": 0.6947400436465392,
  "connected_components": 1,
  "largest_component_size": 69,
  "avg_communities_per_node": 1.0,
  "intra_community_density": 0.1746031746031746,
  "inter_community_density": 0.12285581826611033,
  "empirical_homophily": 0.17396467270298352
}