{
  "node_count": 136,
  "edge_count": 1316,
  "density": 0.14335511982570806,
  "avg_degree": 19.352941176470587,
  "clustering_coefficient": 0.2899907869492613,
  "triangle_count": 3008.0,
  "triangle_density": 0.007335869671251586,
  "homophily": 0.7332826747720365,
  "power_law_exponent": -0.24819648099760333,
  "connected_components": 1,
  "largest_component_size": 136,
  "avg_communities_per_node": 1.0,
  "intra_community_density": 0.49259826442062277,
  "inter_community_density": 0.04860822600747819,
  "empirical_homophily": 0.8203708681725953
}