{
  "density": 0.07574921860636147,
  "node_count": 148,
  "avg_degree": 11.135135135135135,
  "homophily": 0.0,
  "clustering_coefficient": 0.1422338206608538,
  "power_law_exponent": 1.206351838021821,
  "connected_components": 1,
  "largest_component_size": 148
}