{
  "node_count": 138,
  "edge_count": 322,
  "density": 0.0340632603406326,
  "avg_degree": 4.666666666666667,
  "clustering_coefficient": 0.059775811949724963,
  "triangle_count": 21.0,
  "triangle_density": 4.900405100154946e-05,
  "homophily": 0.18012422360248448,
  "power_law_exponent": 0.9065140242260148,
  "connected_components": 1,
  "largest_component_size": 138,
  "avg_communities_per_node": 1.0,
  "intra_community_density": 0.06962785114045618,
  "inter_community_density": 0.03062645011600928,
  "empirical_homophily": 0.3890247155049786
}