{
  "node_count": 90,
  "edge_count": 370,
  "density": 0.09238451935081149,
  "avg_degree": 8.222222222222221,
  "clustering_coefficient": 0.2480779314794211,
  "triangle_count": 298.0,
  "triangle_density": 0.002536601974804222,
  "homophily": 0.13243243243243244,
  "power_law_exponent": 1.1967667078269029,
  "connected_components": 1,
  "largest_component_size": 90,
  "avg_communities_per_node": 1.0,
  "intra_community_density": 0.07503828483920368,
  "inter_community_density": 0.095763723150358,
  "empirical_homophily": -0.1213418890978198
}