{
  "community--gcn": {
    "train": {
      "accuracy": 0.9222222222222223,
      "f1_macro": 0.9120888495059216,
      "roc_auc": 0.0
    },
    "val": {
      "accuracy": 1.0,
      "f1_macro": 1.0,
      "roc_auc": 0.0
    },
    "test": {
      "accuracy": 0.8333333333333334,
      "f1_macro": 0.8193964765393336,
      "roc_auc": 0.0
    },
    "train_time": 3.888028860092163
  },
  "community--sage": {
    "train": {
      "accuracy": 1.0,
      "f1_macro": 1.0,
      "roc_auc": 0.0
    },
    "val": {
      "accuracy": 0.8666666666666667,
      "f1_macro": 0.8880833452262024,
      "roc_auc": 0.0
    },
    "test": {
      "accuracy": 0.7333333333333333,
      "f1_macro": 0.6903429903429904,
      "roc_auc": 0.0
    },
    "train_time": 5.4746880531311035
  },
  "community--mlp": {
    "train": {
      "accuracy": 1.0,
      "f1_macro": 1.0,
      "roc_auc": 0.0
    },
    "val": {
      "accuracy": 0.26666666666666666,
      "f1_macro": 0.24365079365079365,
      "roc_auc": 0.0
    },
    "test": {
      "accuracy": 0.23333333333333334,
      "f1_macro": 0.24625850340136052,
      "roc_auc": 0.0
    },
    "train_time": 6.893438816070557
  },
  "community--rf": {
    "train": {
      "accuracy": 1.0,
      "f1_macro": 1.0,
      "roc_auc": 1.0
    },
    "val": {
      "accuracy": 0.13333333333333333,
      "f1_macro": 0.11587301587301588,
      "roc_auc": 0.5056837000128925
    },
    "test": {
      "accuracy": 0.23333333333333334,
      "f1_macro": 0.1773809523809524,
      "roc_auc": 0.5316806209663352
    },
    "train_time": 0.14584994316101074
  },
  "k_hop_community_counts--gcn": {
    "train": {
      "mse": 14.383767127990723,
      "r2": 0.4515267014503479
    },
    "val": {
      "mse": 14.966825485229492,
      "r2": 0.34838157892227173
    },
    "test": {
      "mse": 15.325525283813477,
      "r2": 0.40934813022613525
    },
    "train_time": 1.467968463897705
  },
  "k_hop_community_counts--sage": {
    "train": {
      "mse": 16.26571273803711,
      "r2": 0.37976545095443726
    },
    "val": {
      "mse": 16.715553283691406,
      "r2": 0.2722463011741638
    },
    "test": {
      "mse": 17.443445205688477,
      "r2": 0.32772260904312134
    },
    "train_time": 0.8451511859893799
  },
  "k_hop_community_counts--mlp": {
    "train": {
      "mse": 18.741819381713867,
      "r2": 0.2853480577468872
    },
    "val": {
      "mse": 16.957311630249023,
      "r2": 0.26172077655792236
    },
    "test": {
      "mse": 18.174327850341797,
      "r2": 0.29955410957336426
    },
    "train_time": 0.5913116931915283
  },
  "k_hop_community_counts--rf": {
    "train": {
      "mse": 3.1103380952380952,
      "r2": 0.8812098751947841
    },
    "val": {
      "mse": 18.741714761904763,
      "r2": 0.18012806073780174
    },
    "test": {
      "mse": 18.638889523809524,
      "r2": 0.27821265089509684
    },
    "train_time": 0.19705820083618164
  }
}