{
  "community--gcn": {
    "train": {
      "accuracy": 1.0,
      "f1_macro": 1.0,
      "roc_auc": 0.0
    },
    "val": {
      "accuracy": 0.5,
      "f1_macro": 0.4129629629629629,
      "roc_auc": 0.0
    },
    "test": {
      "accuracy": 0.5263157894736842,
      "f1_macro": 0.4186147186147186,
      "roc_auc": 0.0
    },
    "train_time": 4.761100769042969
  },
  "community--sage": {
    "train": {
      "accuracy": 1.0,
      "f1_macro": 1.0,
      "roc_auc": 0.0
    },
    "val": {
      "accuracy": 0.3888888888888889,
      "f1_macro": 0.20454545454545456,
      "roc_auc": 0.0
    },
    "test": {
      "accuracy": 0.2631578947368421,
      "f1_macro": 0.16883116883116883,
      "roc_auc": 0.0
    },
    "train_time": 8.39200735092163
  },
  "community--mlp": {
    "train": {
      "accuracy": 1.0,
      "f1_macro": 1.0,
      "roc_auc": 0.0
    },
    "val": {
      "accuracy": 0.2777777777777778,
      "f1_macro": 0.15555555555555553,
      "roc_auc": 0.0
    },
    "test": {
      "accuracy": 0.15789473684210525,
      "f1_macro": 0.09696969696969697,
      "roc_auc": 0.0
    },
    "train_time": 3.1232590675354004
  },
  "community--rf": {
    "train": {
      "accuracy": 1.0,
      "f1_macro": 1.0,
      "roc_auc": 1.0
    },
    "val": {
      "accuracy": 0.16666666666666666,
      "f1_macro": 0.07676767676767676,
      "roc_auc": 0.0
    },
    "test": {
      "accuracy": 0.05263157894736842,
      "f1_macro": 0.03636363636363637,
      "roc_auc": 0.0
    },
    "train_time": 0.1484208106994629
  },
  "k_hop_community_counts--gcn": {
    "train": {
      "mse": 1.7167396545410156,
      "r2": 0.6467875242233276
    },
    "val": {
      "mse": 2.270591974258423,
      "r2": 0.5227442979812622
    },
    "test": {
      "mse": 2.568288803100586,
      "r2": 0.45286911725997925
    },
    "train_time": 0.9821441173553467
  },
  "k_hop_community_counts--sage": {
    "train": {
      "mse": 2.034928798675537,
      "r2": 0.5813213586807251
    },
    "val": {
      "mse": 2.3299291133880615,
      "r2": 0.5102722644805908
    },
    "test": {
      "mse": 2.618518590927124,
      "r2": 0.44216853380203247
    },
    "train_time": 1.5827608108520508
  },
  "k_hop_community_counts--mlp": {
    "train": {
      "mse": 2.451663017272949,
      "r2": 0.49557995796203613
    },
    "val": {
      "mse": 3.0208277702331543,
      "r2": 0.3650522828102112
    },
    "test": {
      "mse": 2.812990188598633,
      "r2": 0.4007396101951599
    },
    "train_time": 0.45444607734680176
  },
  "k_hop_community_counts--rf": {
    "train": {
      "mse": 0.38106327160493825,
      "r2": 0.9214765496847812
    },
    "val": {
      "mse": 3.1448782407407405,
      "r2": 0.3359036424296745
    },
    "test": {
      "mse": 2.1967627192982455,
      "r2": 0.5299548589795038
    },
    "train_time": 0.181365966796875
  }
}