{
  "node_count": 165,
  "edge_count": 4761,
  "density": 0.35188470066518845,
  "avg_degree": 57.70909090909091,
  "clustering_coefficient": 0.35437962277931473,
  "triangle_count": 32290.0,
  "triangle_density": 0.04392420388230653,
  "homophily": 0.09829867674858223,
  "power_law_exponent": -0.2626916651302797,
  "connected_components": 1,
  "largest_component_size": 165,
  "avg_communities_per_node": 1.0,
  "intra_community_density": 0.348993288590604,
  "inter_community_density": 0.3522028058085159,
  "empirical_homophily": -0.004577203500630181
}