{
  "node_count": 112,
  "edge_count": 739,
  "avg_degree": 13.196428571428571,
  "avg_communities_per_node": 1.0,
  "clustering_coefficient": 0.2320504702604924,
  "triangle_count": 923.0,
  "triangle_density": 0.00404966654966655,
  "homophily": 0.15155615696887687,
  "power_law_exponent": 0.6999032427135253,
  "density": 0.11888674388674389,
  "connected_components": 1,
  "largest_component_size": 1.0
}