{
  "node_count": 95,
  "edge_count": 360,
  "density": 0.08062709966405375,
  "avg_degree": 7.578947368421052,
  "clustering_coefficient": 0.2128879492037387,
  "triangle_count": 281.0,
  "triangle_density": 0.002030126792616407,
  "homophily": 0.11944444444444445,
  "power_law_exponent": 0.8174674426838012,
  "connected_components": 1,
  "largest_component_size": 95,
  "avg_communities_per_node": 1.0,
  "intra_community_density": 0.1016548463356974,
  "inter_community_density": 0.07842652152399802,
  "empirical_homophily": 0.12898794077240108
}