{
  "density": 0.09504015115729807,
  "node_count": 146,
  "avg_degree": 13.780821917808218,
  "homophily": 0.27137176938369784,
  "clustering_coefficient": 0.36142172341815026,
  "power_law_exponent": 0.7970486972409729,
  "connected_components": 1,
  "largest_component_size": 146
}