{
  "density": 0.11306729264475743,
  "node_count": 72,
  "avg_degree": 8.027777777777779,
  "homophily": 0.19377162629757785,
  "clustering_coefficient": 0.15731382814716144,
  "power_law_exponent": 0.7028173101586558,
  "connected_components": 1,
  "largest_component_size": 72
}