{
  "run_id": 25,
  "timestamp": "20250527_100929",
  "config_path": "results/sweep_experiments\\homophily_density_sweep_20250527_100302\\run_0025",
  "sweep_parameters": {
    "universe_homophily": 0.8999999999999999,
    "universe_edge_density": 0.05
  },
  "random_parameters": {
    "homophily_range_width": 0.16375542898049358,
    "density_range_width": 0.04294283052956795,
    "degree_heterogeneity": 0.5801248105966055,
    "edge_noise": 0.06631836420268684
  },
  "all_parameters": {
    "universe_homophily": 0.8999999999999999,
    "universe_edge_density": 0.05,
    "homophily_range_width": 0.16375542898049358,
    "density_range_width": 0.04294283052956795,
    "degree_heterogeneity": 0.5801248105966055,
    "edge_noise": 0.06631836420268684
  },
  "method": "dc_sbm",
  "degree_distribution": "standard",
  "family_properties": {
    "n_graphs": 12,
    "node_counts": [
      83,
      87,
      100,
      88,
      90,
      90,
      99,
      99,
      98,
      97,
      99,
      84
    ],
    "edge_counts": [
      595,
      808,
      702,
      532,
      821,
      726,
      627,
      713,
      571,
      367,
      782,
      745
    ],
    "community_counts": [
      4,
      3,
      3,
      4,
      4,
      4,
      5,
      3,
      4,
      4,
      4,
      3
    ],
    "node_counts_mean": 92.83333333333333,
    "node_counts_std": 6.175669104549635,
    "node_counts_min": 83.0,
    "node_counts_max": 100.0,
    "edge_counts_mean": 665.75,
    "edge_counts_std": 127.12665928120663,
    "edge_counts_min": 367.0,
    "edge_counts_max": 821.0,
    "community_counts_mean": 3.75,
    "community_counts_std": 0.5951190357119042,
    "community_counts_min": 3.0,
    "community_counts_max": 5.0
  },
  "family_consistency": {
    "pattern_preservation": {
      "score": 0.9347359291432896,
      "individual_correlations": [
        0.9607689228305228,
        0.9332565252573828,
        0.9332565252573828,
        0.9607689228305228,
        0.9607689228305228,
        0.9607689228305228,
        0.9743547036924463,
        0.9332565252573828,
        0.8528028654224415,
        0.9607689228305228,
        0.8528028654224415,
        0.9332565252573828
      ],
      "std": 0.03915039325385099,
      "interpretation": "Excellent pattern preservation - rank ordering strongly maintained",
      "description": "How well rank ordering of community connections is preserved relative to universe"
    },
    "generation_fidelity": {
      "score": 0.9961658765092801,
      "individual_scores": [
        0.9983216630049335,
        0.9975583698390323,
        0.9964319038349814,
        0.9957005173997886,
        0.9996618608199614,
        0.9911696874503276,
        0.9981425680536606,
        0.9920449068654769,
        0.996300362016332,
        0.9922212911032737,
        0.9980224850574593,
        0.9984149026661335
      ],
      "std": 0.002723818531942195,
      "interpretation": "Excellent generation fidelity - graphs closely match targets",
      "description": "How well graphs match their scaled probability targets (P_sub)"
    },
    "degree_consistency": {
      "score": 0.03793657099471704,
      "individual_scores": [
        0.3509373311663415,
        0.31828532458314296,
        -0.022478852741301708,
        -0.6644302402316254,
        -0.3674241165620251,
        -0.1287315469563997,
        0.1044382841853217,
        -0.30315920103279775,
        -0.2848747247656007,
        0.4919190955844699,
        0.33208813838885726,
        0.6286693603182216
      ],
      "std": 0.37993377173308485,
      "interpretation": "No degree-community relationship - no correlation with centers",
      "description": "How well actual node degrees correlate with universe degree centers"
    },
    "overall": {
      "score": 0.7799480364599713,
      "interpretation": "Moderate overall consistency - family shows some structural preservation",
      "description": "Weighted average of all consistency metrics"
    },
    "community_coverage": {
      "total_unique_communities": 5,
      "universe_communities": 5,
      "coverage_fraction": 1.0,
      "community_usage": {
        "0": 8,
        "2": 7,
        "3": 11,
        "4": 10,
        "1": 9
      },
      "avg_usage_per_community": 9.0,
      "usage_std": 1.4142135623730951,
      "min_usage": 7,
      "max_usage": 11,
      "communities_in_all_graphs": [],
      "rarely_used_communities": []
    }
  },
  "community_signals": {
    "degree_signals": {
      "mean": 0.46922442953789706,
      "std": 0.10401105678643821,
      "min": 0.2973684210526316,
      "max": 0.6198529411764706,
      "individual_values": [
        0.41102941176470587,
        0.5281045751633987,
        0.5900000000000001,
        0.6117647058823529,
        0.5,
        0.3888888888888889,
        0.30210526315789477,
        0.4542105263157895,
        0.2973684210526316,
        0.4742105263157895,
        0.4531578947368421,
        0.6198529411764706
      ]
    },
    "structure_signals": {
      "mean": 19.767898045047,
      "std": 7.285007312418812,
      "min": 3.4614235375420392,
      "max": 23.025850930040455,
      "individual_values": [
        23.025850930040455,
        23.025850930040452,
        23.025850930040452,
        23.025850930040455,
        23.025850930040455,
        23.025850930040455,
        23.025850930040455,
        23.025850930040452,
        3.4948437026174277,
        23.025850930040455,
        3.4614235375420392,
        23.025850930040452
      ]
    },
    "feature_signals": {
      "mean": 0.7858023690456554,
      "std": 0.08871627916383007,
      "min": 0.5746031746031747,
      "max": 0.8986928104575165,
      "individual_values": [
        0.699404761904762,
        0.8583481877599525,
        0.8079365079365078,
        0.7653594771241831,
        0.8885975135975136,
        0.5746031746031747,
        0.8289393939393939,
        0.8178053830227743,
        0.7597547380156076,
        0.8301864801864802,
        0.8986928104575165,
        0.6999999999999998
      ]
    }
  },
  "model_results": {
    "community": {
      "gcn": {
        "test_metrics": {
          "accuracy": 0.7545126353790613,
          "precision_macro": 0.8843537414965986,
          "precision_weighted": 0.8680714162921487,
          "recall_macro": 0.7425315048183839,
          "recall_weighted": 0.7545126353790613,
          "f1_macro": 0.7415153268011723,
          "f1_weighted": 0.737713843696667
        },
        "train_time": 0.8111701011657715,
        "success": true
      },
      "sage": {
        "test_metrics": {
          "accuracy": 0.9783393501805054,
          "precision_macro": 0.9823529411764707,
          "precision_weighted": 0.9798683372265874,
          "recall_macro": 0.9736842105263158,
          "recall_weighted": 0.9783393501805054,
          "f1_macro": 0.9769647696476964,
          "f1_weighted": 0.9781338968624343
        },
        "train_time": 0.7047197818756104,
        "success": true
      },
      "mlp": {
        "test_metrics": {
          "accuracy": 0.9422382671480144,
          "precision_macro": 0.9480312233589088,
          "precision_weighted": 0.9447652275476194,
          "recall_macro": 0.9359826960876966,
          "recall_weighted": 0.9422382671480144,
          "f1_macro": 0.9398471848267174,
          "f1_weighted": 0.9415865849733172
        },
        "train_time": 0.8442287445068359,
        "success": true
      },
      "rf": {
        "test_metrics": {
          "accuracy": 0.9025270758122743,
          "precision_macro": 0.903146916317648,
          "precision_weighted": 0.903486178150262,
          "recall_macro": 0.8988319434707288,
          "recall_weighted": 0.9025270758122743,
          "f1_macro": 0.9003794360974756,
          "f1_weighted": 0.9024065998063429
        },
        "train_time": 0.33944082260131836,
        "success": true
      }
    }
  },
  "total_time": 11.47038459777832,
  "n_graphs": 12,