{
  "node_count": 99,
  "edge_count": 273,
  "density": 0.05627705627705628,
  "avg_degree": 5.515151515151516,
  "clustering_coefficient": 0.04908856575523239,
  "triangle_count": 27.0,
  "triangle_density": 0.00017214008377484076,
  "homophily": 0.17582417582417584,
  "power_law_exponent": 0.34286087895970535,
  "connected_components": 1,
  "largest_component_size": 99,
  "avg_communities_per_node": 1.0,
  "intra_community_density": 0.06837606837606838,
  "inter_community_density": 0.05422993492407809,
  "empirical_homophily": 0.1153787993346439
}