{
  "node_count": 111,
  "edge_count": 220,
  "density": 0.036036036036036036,
  "avg_degree": 3.963963963963964,
  "clustering_coefficient": 0.03818688818688819,
  "triangle_count": 12.0,
  "triangle_density": 5.409913666794401e-05,
  "homophily": 0.16363636363636364,
  "power_law_exponent": 1.5497884463948992,
  "connected_components": 1,
  "largest_component_size": 111,
  "avg_communities_per_node": 1.0,
  "intra_community_density": 0.04186046511627907,
  "inter_community_density": 0.03508102955195424,
  "empirical_homophily": 0.08811156572350609
}