{
  "node_count": 117,
  "edge_count": 315,
  "density": 0.046419098143236075,
  "avg_degree": 5.384615384615385,
  "clustering_coefficient": 0.6234130067463399,
  "triangle_count": 385.0,
  "triangle_density": 0.0014800292161611503,
  "homophily": 1.0,
  "power_law_exponent": 0.3921882619723407,
  "connected_components": 14,
  "largest_component_size": 15,
  "avg_communities_per_node": 1.0,
  "intra_community_density": 0.6468172484599589,
  "inter_community_density": 0.0,
  "empirical_homophily": 1.0
}