{
  "density": 0.05267778753292362,
  "node_count": 68,
  "avg_degree": 3.5294117647058822,
  "homophily": 0.0,
  "clustering_coefficient": 0.07833428826075883,
  "power_law_exponent": 2.202111980127384,
  "connected_components": 1,
  "largest_component_size": 68
}