{
  "node_count": 110,
  "edge_count": 300,
  "density": 0.05004170141784821,
  "avg_degree": 5.454545454545454,
  "clustering_coefficient": 0.043124653124653134,
  "triangle_count": 26.0,
  "triangle_density": 0.00012047076267259754,
  "homophily": 0.17,
  "power_law_exponent": 0.07880532081332726,
  "connected_components": 1,
  "largest_component_size": 110,
  "avg_communities_per_node": 1.0,
  "intra_community_density": 0.0967741935483871,
  "inter_community_density": 0.045537673738112655,
  "empirical_homophily": 0.36002984703395097
}