{
  "n_graphs": 10,
  "node_counts": [
    114,
    82,
    80,
    114,
    111,
    101,
    79,
    82,
    99,
    104
  ],
  "edge_counts": [
    312,
    161,
    105,
    388,
    299,
    159,
    133,
    113,
    236,
    177
  ],
  "densities": [
    0.04843968327899394,
    0.04847937368262571,
    0.03322784810126582,
    0.06023909330849247,
    0.04897624897624898,
    0.031485148514851485,
    0.04316780266147355,
    0.0340258958145137,
    0.04864976293547722,
    0.0330470500373413
  ],
  "avg_degrees": [
    5.473684210526316,
    3.926829268292683,
    2.625,
    6.807017543859649,
    5.387387387387387,
    3.1485148514851486,
    3.367088607594937,
    2.7560975609756095,
    4.767676767676767,
    3.4038461538461537
  ],
  "clustering_coefficients": [
    0.13516635424822354,
    0.07964842037342194,
    0.0041666666666666675,
    0.08973174088352157,
    0.11201749400119501,
    0.034079836555084085,
    0.0728889345840364,
    0.02838753387533875,
    0.07233298628832918,
    0.04028368250653318
  ],
  "community_counts": [
    3,
    4,
    4,
    3,
    3,
    4,
    3,
    3,
    3,
    5
  ],
  "node_counts_mean": 96.6,
  "node_counts_std": 13.8,
  "node_counts_min": 79.0,
  "node_counts_max": 114.0,
  "edge_counts_mean": 208.3,
  "edge_counts_std": 91.16474099124068,
  "edge_counts_min": 105.0,
  "edge_counts_max": 388.0,
  "densities_mean": 0.04297379073112842,
  "densities_std": 0.009122166442821013,
  "densities_min": 0.031485148514851485,
  "densities_max": 0.06023909330849247,
  "avg_degrees_mean": 4.1663142351644655,
  "avg_degrees_std": 1.3119807623921236,
  "avg_degrees_min": 2.625,
  "avg_degrees_max": 6.807017543859649,
  "clustering_coefficients_mean": 0.06687036499823504,
  "clustering_coefficients_std": 0.038274459551752814,
  "clustering_coefficients_min": 0.0041666666666666675,
  "clustering_coefficients_max": 0.13516635424822354,
  "community_counts_mean": 3.5,
  "community_counts_std": 0.6708203932499369,
  "community_counts_min": 3.0,
  "community_counts_max": 5.0
}