{
  "total_time": 0.13658738136291504,
  "successful_graphs": 10,
  "failed_graphs": 0,
  "success_rate": 1.0,
  "avg_time_per_graph": 0.013658738136291504,
  "node_count_stats": {
    "mean": 96.6,
    "std": 13.8,
    "min": 79,
    "max": 114
  },
  "edge_count_stats": {
    "mean": 208.3,
    "std": 91.16474099124068,
    "min": 105,
    "max": 388
  },
  "density_stats": {
    "mean": 0.04297379073112842,
    "std": 0.009122166442821013,
    "min": 0.031485148514851485,
    "max": 0.06023909330849247
  },
  "attempts_stats": {
    "mean": 1.1,
    "std": 0.3,
    "min": 1,
    "max": 2
  }
}