{
  "community--gcn": {
    "train": {
      "accuracy": 0.9803921568627451,
      "f1_macro": 0.9791013584117033,
      "roc_auc": 0.0
    },
    "val": {
      "accuracy": 0.7058823529411765,
      "f1_macro": 0.6884920634920636,
      "roc_auc": 0.0
    },
    "test": {
      "accuracy": 0.6470588235294118,
      "f1_macro": 0.5070707070707071,
      "roc_auc": 0.0
    },
    "train_time": 8.038382530212402
  },
  "community--sage": {
    "train": {
      "accuracy": 1.0,
      "f1_macro": 1.0,
      "roc_auc": 0.0
    },
    "val": {
      "accuracy": 0.5882352941176471,
      "f1_macro": 0.46230158730158727,
      "roc_auc": 0.0
    },
    "test": {
      "accuracy": 0.29411764705882354,
      "f1_macro": 0.2400793650793651,
      "roc_auc": 0.0
    },
    "train_time": 5.667572736740112
  },
  "community--mlp": {
    "train": {
      "accuracy": 1.0,
      "f1_macro": 1.0,
      "roc_auc": 0.0
    },
    "val": {
      "accuracy": 0.29411764705882354,
      "f1_macro": 0.18813131313131312,
      "roc_auc": 0.0
    },
    "test": {
      "accuracy": 0.23529411764705882,
      "f1_macro": 0.17724867724867724,
      "roc_auc": 0.0
    },
    "train_time": 6.882982969284058
  },
  "community--rf": {
    "train": {
      "accuracy": 1.0,
      "f1_macro": 1.0,
      "roc_auc": 1.0
    },
    "val": {
      "accuracy": 0.17647058823529413,
      "f1_macro": 0.10822510822510822,
      "roc_auc": 0.5054677960927961
    },
    "test": {
      "accuracy": 0.11764705882352941,
      "f1_macro": 0.075,
      "roc_auc": 0.558685064935065
    },
    "train_time": 0.13125252723693848
  },
  "k_hop_community_counts--gcn": {
    "train": {
      "mse": 7.264404296875,
      "r2": 0.5636577606201172
    },
    "val": {
      "mse": 10.383374214172363,
      "r2": 0.45902860164642334
    },
    "test": {
      "mse": 5.757051944732666,
      "r2": 0.624340295791626
    },
    "train_time": 0.5561296939849854
  },
  "k_hop_community_counts--sage": {
    "train": {
      "mse": 5.657420635223389,
      "r2": 0.6601824760437012
    },
    "val": {
      "mse": 8.954998016357422,
      "r2": 0.5334466695785522
    },
    "test": {
      "mse": 6.812592506408691,
      "r2": 0.5554641485214233
    },
    "train_time": 0.9231967926025391
  },
  "k_hop_community_counts--mlp": {
    "train": {
      "mse": 5.871400833129883,
      "r2": 0.6473296284675598
    },
    "val": {
      "mse": 10.820401191711426,
      "r2": 0.4362596273422241
    },
    "test": {
      "mse": 4.731186866760254,
      "r2": 0.6912801861763
    },
    "train_time": 0.5380795001983643
  },
  "k_hop_community_counts--rf": {
    "train": {
      "mse": 1.0758379084967318,
      "r2": 0.9351670607604458
    },
    "val": {
      "mse": 10.676695098039218,
      "r2": 0.4382392125441381
    },
    "test": {
      "mse": 5.062954901960784,
      "r2": 0.6663606306861125
    },
    "train_time": 0.1526021957397461
  }
}