{
  "density": 0.035430988894764676,
  "node_count": 62,
  "avg_degree": 2.161290322580645,
  "homophily": 0.5223880597014925,
  "clustering_coefficient": 0.016129032258064516,
  "power_law_exponent": -3.8656324162198596,
  "connected_components": 1,
  "largest_component_size": 62
}