{
  "node_count": 75,
  "edge_count": 133,
  "density": 0.04792792792792793,
  "avg_degree": 3.546666666666667,
  "clustering_coefficient": 0.4207561327561329,
  "triangle_count": 63.0,
  "triangle_density": 0.0009329877823028508,
  "homophily": 1.0,
  "power_law_exponent": 1.3972740717741958,
  "connected_components": 8,
  "largest_component_size": 15,
  "avg_communities_per_node": 1.0,
  "intra_community_density": 0.39233038348082594,
  "inter_community_density": 0.0,
  "empirical_homophily": 1.0
}