{
  "node_count": 89,
  "edge_count": 529,
  "avg_degree": 11.887640449438202,
  "avg_communities_per_node": 1.0,
  "clustering_coefficient": 0.21897847228184628,
  "triangle_count": 488.0,
  "triangle_density": 0.004297136416470008,
  "homophily": 0.03969754253308128,
  "power_law_exponent": 0.351884673906679,
  "density": 0.13508682328907048,
  "connected_components": 1,
  "largest_component_size": 1.0
}