{
  "node_count": 76,
  "edge_count": 198,
  "density": 0.06947368421052631,
  "avg_degree": 5.2105263157894735,
  "clustering_coefficient": 0.052046783625731,
  "triangle_count": 18.0,
  "triangle_density": 0.0002560455192034139,
  "homophily": 0.3434343434343434,
  "power_law_exponent": -0.1699068708297918,
  "connected_components": 1,
  "largest_component_size": 76,
  "avg_communities_per_node": 1.0,
  "intra_community_density": 0.10625,
  "inter_community_density": 0.058823529411764705,
  "empirical_homophily": 0.2873051224944321
}