{
  "node_count": 151,
  "edge_count": 574,
  "density": 0.050684326710816775,
  "avg_degree": 7.602649006622516,
  "clustering_coefficient": 0.04993299562835983,
  "triangle_count": 76.0,
  "triangle_density": 0.00013511711631628072,
  "homophily": 0.37630662020905925,
  "power_law_exponent": -0.21419005484951048,
  "connected_components": 1,
  "largest_component_size": 151,
  "avg_communities_per_node": 1.0,
  "intra_community_density": 0.08992506244796003,
  "inter_community_density": 0.04012103552616833,
  "empirical_homophily": 0.38297209756881606
}