{
  "node_count": 139,
  "edge_count": 1250,
  "avg_degree": 17.985611510791365,
  "avg_communities_per_node": 1.0,
  "clustering_coefficient": 0.1313034151871262,
  "triangle_count": 978.0,
  "triangle_density": 0.0022329327905495342,
  "homophily": 0.0208,
  "power_law_exponent": 1.1091245208275458,
  "density": 0.13033051819414035,
  "connected_components": 1,
  "largest_component_size": 1.0
}