{
  "community--gcn": {
    "train": {
      "accuracy": 0.9733333333333334,
      "f1_macro": 0.9751980428704566,
      "roc_auc": 0.0
    },
    "val": {
      "accuracy": 0.8,
      "f1_macro": 0.7560439560439559,
      "roc_auc": 0.0
    },
    "test": {
      "accuracy": 0.7307692307692307,
      "f1_macro": 0.7201298701298702,
      "roc_auc": 0.0
    },
    "train_time": 5.017134666442871
  },
  "community--sage": {
    "train": {
      "accuracy": 1.0,
      "f1_macro": 1.0,
      "roc_auc": 0.0
    },
    "val": {
      "accuracy": 0.76,
      "f1_macro": 0.7427106227106227,
      "roc_auc": 0.0
    },
    "test": {
      "accuracy": 0.7307692307692307,
      "f1_macro": 0.7175757575757575,
      "roc_auc": 0.0
    },
    "train_time": 3.609990119934082
  },
  "community--mlp": {
    "train": {
      "accuracy": 1.0,
      "f1_macro": 1.0,
      "roc_auc": 0.0
    },
    "val": {
      "accuracy": 0.32,
      "f1_macro": 0.29444444444444445,
      "roc_auc": 0.0
    },
    "test": {
      "accuracy": 0.038461538461538464,
      "f1_macro": 0.03076923076923077,
      "roc_auc": 0.0
    },
    "train_time": 5.776094913482666
  },
  "community--rf": {
    "train": {
      "accuracy": 1.0,
      "f1_macro": 1.0,
      "roc_auc": 1.0
    },
    "val": {
      "accuracy": 0.16,
      "f1_macro": 0.07619047619047618,
      "roc_auc": 0.4809295967190705
    },
    "test": {
      "accuracy": 0.19230769230769232,
      "f1_macro": 0.10526315789473684,
      "roc_auc": 0.43087719298245614
    },
    "train_time": 0.14023089408874512
  },
  "k_hop_community_counts--gcn": {
    "train": {
      "mse": 5.4100871086120605,
      "r2": 0.7336233854293823
    },
    "val": {
      "mse": 16.40347671508789,
      "r2": 0.3122027516365051
    },
    "test": {
      "mse": 13.310211181640625,
      "r2": 0.3828187584877014
    },
    "train_time": 2.4823641777038574
  },
  "k_hop_community_counts--sage": {
    "train": {
      "mse": 11.13672161102295,
      "r2": 0.4516609311103821
    },
    "val": {
      "mse": 19.46939468383789,
      "r2": 0.18364888429641724
    },
    "test": {
      "mse": 20.682029724121094,
      "r2": 0.040994882583618164
    },
    "train_time": 2.225743532180786
  },
  "k_hop_community_counts--mlp": {
    "train": {
      "mse": 19.863906860351562,
      "r2": 0.02196025848388672
    },
    "val": {
      "mse": 25.113557815551758,
      "r2": -0.05301070213317871
    },
    "test": {
      "mse": 23.81451988220215,
      "r2": -0.1042555570602417
    },
    "train_time": 0.417712926864624
  },
  "k_hop_community_counts--rf": {
    "train": {
      "mse": 2.6090429333333334,
      "r2": 0.8711950006236936
    },
    "val": {
      "mse": 26.549808000000006,
      "r2": -0.12221026385676881
    },
    "test": {
      "mse": 22.554573076923074,
      "r2": -0.053940383655721735
    },
    "train_time": 0.212615966796875
  }
}