{
  "density": 0.11914984972091026,
  "node_count": 137,
  "avg_degree": 16.204379562043794,
  "homophily": 0.38198198198198197,
  "clustering_coefficient": 0.2440913871940797,
  "power_law_exponent": 0.403213008196293,
  "connected_components": 1,
  "largest_component_size": 137
}