{
  "sweep_parameters": [
    "universe_homophily",
    "universe_edge_density"
  ],
  "random_parameters": [
    "homophily_range_width",
    "density_range_width",
    "degree_heterogeneity",
    "edge_noise"
  ],
  "parameter_correlations": {
    "community_gcn_accuracy": {
      "universe_homophily": 0.8561152007635688,
      "universe_edge_density": 0.02766710047619048,
      "homophily_range_width": -0.16558749159948977,
      "density_range_width": -0.22601468899148328,
      "degree_heterogeneity": 0.1220368511477547,
      "edge_noise": -0.13107858000115163
    },
    "community_gcn_f1_macro": {
      "universe_homophily": 0.8082435726708744,
      "universe_edge_density": 0.007944826028796596,
      "homophily_range_width": -0.09127121958401431,
      "density_range_width": -0.2598366712191179,
      "degree_heterogeneity": 0.14062510319383514,
      "edge_noise": -0.10827028299121422
    },
    "community_sage_accuracy": {
      "universe_homophily": 0.5481068772865562,
      "universe_edge_density": 0.04088748334316606,
      "homophily_range_width": -0.07661885795479431,
      "density_range_width": -0.13345693591018265,
      "degree_heterogeneity": 0.17610472758204387,
      "edge_noise": -0.23554567581156138
    },
    "community_sage_f1_macro": {
      "universe_homophily": 0.43165248968654085,
      "universe_edge_density": 0.07964461740361468,
      "homophily_range_width": 0.020450446176302907,
      "density_range_width": -0.18225141563396266,
      "degree_heterogeneity": 0.2128551230817669,
      "edge_noise": -0.13105048241225786
    },
    "community_mlp_accuracy": {
      "universe_homophily": 0.24974038889312303,
      "universe_edge_density": 0.05348840403101566,
      "homophily_range_width": -0.030820589986789312,
      "density_range_width": 0.10910931824217353,
      "degree_heterogeneity": -0.02298526169852453,
      "edge_noise": -0.3341977342323144
    },
    "community_mlp_f1_macro": {
      "universe_homophily": 0.25690929253594524,
      "universe_edge_density": 0.11816362160769192,
      "homophily_range_width": 0.08838642332443292,
      "density_range_width": 0.021878412484182177,
      "degree_heterogeneity": 0.06363993663038835,
      "edge_noise": -0.21562771081342536
    },
    "community_rf_accuracy": {
      "universe_homophily": 0.23315690442010856,
      "universe_edge_density": 0.12280938839780323,
      "homophily_range_width": 0.32178932045497854,
      "density_range_width": -0.13432917006400777,
      "degree_heterogeneity": -0.1978356089037113,
      "edge_noise": -0.25043786909638055
    },
    "community_rf_f1_macro": {
      "universe_homophily": 0.18418608727846536,
      "universe_edge_density": 0.10839235378826856,
      "homophily_range_width": 0.500317796156545,
      "density_range_width": -0.14624377063829297,
      "degree_heterogeneity": 0.010671602923001938,
      "edge_noise": 0.17853362658432467
    }
  },
  "best_configurations": {
    "community_gcn_accuracy": {
      "parameters": {
        "universe_homophily": 0.7,
        "universe_edge_density": 0.1,
        "homophily_range_width": 0.010126413126962497,
        "density_range_width": 0.024455375398279234,
        "degree_heterogeneity": 0.692259568096618,
        "edge_noise": 0.0822803999619549
      },
      "performance": 1.0,
      "run_id": 20,
      "method": "dc_sbm"
    },
    "community_gcn_f1_macro": {
      "parameters": {
        "universe_homophily": 0.7,
        "universe_edge_density": 0.1,
        "homophily_range_width": 0.010126413126962497,
        "density_range_width": 0.024455375398279234,
        "degree_heterogeneity": 0.692259568096618,
        "edge_noise": 0.0822803999619549
      },
      "performance": 1.0,
      "run_id": 20,
      "method": "dc_sbm"
    },
    "community_sage_accuracy": {
      "parameters": {
        "universe_homophily": 0.7,
        "universe_edge_density": 0.1,
        "homophily_range_width": 0.010126413126962497,
        "density_range_width": 0.024455375398279234,
        "degree_heterogeneity": 0.692259568096618,
        "edge_noise": 0.0822803999619549
      },
      "performance": 1.0,
      "run_id": 20,
      "method": "dc_sbm"
    },
    "community_sage_f1_macro": {
      "parameters": {
        "universe_homophily": 0.7,
        "universe_edge_density": 0.1,
        "homophily_range_width": 0.010126413126962497,
        "density_range_width": 0.024455375398279234,
        "degree_heterogeneity": 0.692259568096618,
        "edge_noise": 0.0822803999619549
      },
      "performance": 1.0,
      "run_id": 20,
      "method": "dc_sbm"
    },
    "community_mlp_accuracy": {
      "parameters": {
        "universe_homophily": 0.8999999999999999,
        "universe_edge_density": 0.05,
        "homophily_range_width": 0.04628627343938274,
        "density_range_width": 0.006684978035003297,
        "degree_heterogeneity": 0.3538798263238213,
        "edge_noise": 0.1358217750891263
      },
      "performance": 0.9605734767025089,
      "run_id": 24,
      "method": "dc_sbm"
    },
    "community_mlp_f1_macro": {
      "parameters": {
        "universe_homophily": 0.8999999999999999,
        "universe_edge_density": 0.05,
        "homophily_range_width": 0.04628627343938274,
        "density_range_width": 0.006684978035003297,
        "degree_heterogeneity": 0.3538798263238213,
        "edge_noise": 0.1358217750891263
      },
      "performance": 0.9604264109691479,
      "run_id": 24,
      "method": "dc_sbm"
    },
    "community_rf_accuracy": {
      "parameters": {
        "universe_homophily": 0.8999999999999999,
        "universe_edge_density": 0.05,
        "homophily_range_width": 0.04628627343938274,
        "density_range_width": 0.006684978035003297,
        "degree_heterogeneity": 0.3538798263238213,
        "edge_noise": 0.1358217750891263
      },
      "performance": 0.942652329749104,
      "run_id": 24,
      "method": "dc_sbm"
    },
    "community_rf_f1_macro": {
      "parameters": {
        "universe_homophily": 0.8999999999999999,
        "universe_edge_density": 0.05,
        "homophily_range_width": 0.04628627343938274,
        "density_range_width": 0.006684978035003297,
        "degree_heterogeneity": 0.3538798263238213,
        "edge_noise": 0.1358217750891263
      },
      "performance": 0.9402366135362408,
      "run_id": 24,
      "method": "dc_sbm"
    }
  },
  "method_comparison": {
    "dc_sbm": {
      "n_runs": 30,
      "avg_performance": {
        "community_gcn_accuracy": {
          "mean": 0.7537469258919561,
          "std": 0.23149719458121465,
          "min": 0.3977272727272727,
          "max": 1.0
        },
        "community_gcn_f1_macro": {
          "mean": 0.6894286377217507,
          "std": 0.2622387965096465,
          "min": 0.3066708807416772,
          "max": 1.0
        },
        "community_sage_accuracy": {
          "mean": 0.9343604111571377,
          "std": 0.07464963266726127,
          "min": 0.6856060606060606,
          "max": 1.0
        },
        "community_sage_f1_macro": {
          "mean": 0.8810512004500839,
          "std": 0.12675374312729643,
          "min": 0.5674659712476159,
          "max": 1.0
        },
        "community_mlp_accuracy": {
          "mean": 0.8891490564519067,
          "std": 0.09228372167894638,
          "min": 0.6148148148148148,
          "max": 0.9605734767025089
        },
        "community_mlp_f1_macro": {
          "mean": 0.8307517575650641,
          "std": 0.14906102361260806,
          "min": 0.454561802439744,
          "max": 0.9604264109691479
        },
        "community_rf_accuracy": {
          "mean": 0.8682997345303091,
          "std": 0.042713113042307294,
          "min": 0.7619047619047619,
          "max": 0.942652329749104
        },
        "community_rf_f1_macro": {
          "mean": 0.7987446732523513,
          "std": 0.08344860634088362,
          "min": 0.65850695113853,