{
  "node_count": 140,
  "edge_count": 566,
  "density": 0.05817060637204522,
  "avg_degree": 8.085714285714285,
  "clustering_coefficient": 0.1352592715283397,
  "triangle_count": 263.0,
  "triangle_density": 0.0005876044506010099,
  "homophily": 0.0812720848056537,
  "power_law_exponent": 0.8683757333695081,
  "connected_components": 1,
  "largest_component_size": 140,
  "avg_communities_per_node": 1.0,
  "intra_community_density": 0.0687593423019432,
  "inter_community_density": 0.05738880918220947,
  "empirical_homophily": 0.09013634354493211
}