{
  "community--gcn": {
    "train": {
      "accuracy": 0.7014925373134329,
      "f1_macro": 0.6460317460317461,
      "roc_auc": 0.0
    },
    "val": {
      "accuracy": 0.5454545454545454,
      "f1_macro": 0.4303030303030303,
      "roc_auc": 0.0
    },
    "test": {
      "accuracy": 0.375,
      "f1_macro": 0.2916666666666667,
      "roc_auc": 0.0
    },
    "train_time": 4.473711013793945
  },
  "community--sage": {
    "train": {
      "accuracy": 0.5223880597014925,
      "f1_macro": 0.3917611255846551,
      "roc_auc": 0.0
    },
    "val": {
      "accuracy": 0.36363636363636365,
      "f1_macro": 0.3052380952380952,
      "roc_auc": 0.0
    },
    "test": {
      "accuracy": 0.0,
      "f1_macro": 0.0,
      "roc_auc": 0.0
    },
    "train_time": 3.623157262802124
  },
  "community--mlp": {
    "train": {
      "accuracy": 0.6268656716417911,
      "f1_macro": 0.53791011619959,
      "roc_auc": 0.0
    },
    "val": {
      "accuracy": 0.09090909090909091,
      "f1_macro": 0.07638888888888888,
      "roc_auc": 0.0
    },
    "test": {
      "accuracy": 0.041666666666666664,
      "f1_macro": 0.020833333333333332,
      "roc_auc": 0.0
    },
    "train_time": 2.958627939224243
  },
  "community--rf": {
    "train": {
      "accuracy": 1.0,
      "f1_macro": 1.0,
      "roc_auc": 1.0
    },
    "val": {
      "accuracy": 0.09090909090909091,
      "f1_macro": 0.07575757575757575,
      "roc_auc": 0.0
    },
    "test": {
      "accuracy": 0.08333333333333333,
      "f1_macro": 0.075,
      "roc_auc": 0.46266717380847805
    },
    "train_time": 0.13924789428710938
  },
  "k_hop_community_counts--gcn": {
    "train": {
      "mse": 1.7913204431533813,
      "r2": 0.7069147825241089
    },
    "val": {
      "mse": 3.768627882003784,
      "r2": 0.38474851846694946
    },
    "test": {
      "mse": 2.535614490509033,
      "r2": 0.5578616261482239
    },
    "train_time": 1.8865694999694824
  },
  "k_hop_community_counts--sage": {
    "train": {
      "mse": 2.4486587047576904,
      "r2": 0.5993649959564209
    },
    "val": {
      "mse": 3.748941659927368,
      "r2": 0.3879624009132385
    },
    "test": {
      "mse": 3.00372314453125,
      "r2": 0.4762369394302368
    },
    "train_time": 2.0228307247161865
  },
  "k_hop_community_counts--mlp": {
    "train": {
      "mse": 3.065098285675049,
      "r2": 0.4985067844390869
    },
    "val": {
      "mse": 3.8323850631713867,
      "r2": 0.374339759349823
    },
    "test": {
      "mse": 3.079634189605713,
      "r2": 0.46300023794174194
    },
    "train_time": 0.5115349292755127
  },
  "k_hop_community_counts--rf": {
    "train": {
      "mse": 0.4762190298507464,
      "r2": 0.9219868242123231
    },
    "val": {
      "mse": 4.226804166666667,
      "r2": 0.30732466161271776
    },
    "test": {
      "mse": 2.885037847222222,
      "r2": 0.49517938651722726
    },
    "train_time": 0.16453027725219727
  }
}