{
  "node_count": 158,
  "edge_count": 579,
  "density": 0.046682254293316135,
  "avg_degree": 7.329113924050633,
  "clustering_coefficient": 0.06178322380854021,
  "triangle_count": 91.0,
  "triangle_density": 0.00014109489639603322,
  "homophily": 0.11398963730569948,
  "power_law_exponent": 0.15895704927960286,
  "connected_components": 1,
  "largest_component_size": 158,
  "avg_communities_per_node": 1.0,
  "intra_community_density": 0.0812807881773399,
  "inter_community_density": 0.044258476404106635,
  "empirical_homophily": 0.29490623428986373
}