{
  "density": 0.13069454817027631,
  "node_count": 104,
  "avg_degree": 13.461538461538462,
  "homophily": 0.19714285714285715,
  "clustering_coefficient": 0.2217319565177814,
  "power_law_exponent": 0.3179242640744909,
  "connected_components": 1,
  "largest_component_size": 104
}