{
  "community--gcn": {
    "train": {
      "accuracy": 1.0,
      "f1_macro": 1.0,
      "roc_auc": 0.0
    },
    "val": {
      "accuracy": 0.5714285714285714,
      "f1_macro": 0.544345238095238,
      "roc_auc": 0.0
    },
    "test": {
      "accuracy": 0.43333333333333335,
      "f1_macro": 0.37693452380952386,
      "roc_auc": 0.0
    },
    "train_time": 5.3856635093688965
  },
  "community--sage": {
    "train": {
      "accuracy": 1.0,
      "f1_macro": 1.0,
      "roc_auc": 0.0
    },
    "val": {
      "accuracy": 0.5357142857142857,
      "f1_macro": 0.5172619047619047,
      "roc_auc": 0.0
    },
    "test": {
      "accuracy": 0.5666666666666667,
      "f1_macro": 0.4949813258636788,
      "roc_auc": 0.0
    },
    "train_time": 4.165019273757935
  },
  "community--mlp": {
    "train": {
      "accuracy": 0.6352941176470588,
      "f1_macro": 0.573437794089968,
      "roc_auc": 0.0
    },
    "val": {
      "accuracy": 0.14285714285714285,
      "f1_macro": 0.1268939393939394,
      "roc_auc": 0.0
    },
    "test": {
      "accuracy": 0.26666666666666666,
      "f1_macro": 0.209375,
      "roc_auc": 0.0
    },
    "train_time": 2.825085401535034
  },
  "community--rf": {
    "train": {
      "accuracy": 1.0,
      "f1_macro": 1.0,
      "roc_auc": 1.0
    },
    "val": {
      "accuracy": 0.10714285714285714,
      "f1_macro": 0.08712121212121213,
      "roc_auc": 0.5003914835164835
    },
    "test": {
      "accuracy": 0.1,
      "f1_macro": 0.0734126984126984,
      "roc_auc": 0.5982725318662818
    },
    "train_time": 0.14864206314086914
  },
  "k_hop_community_counts--gcn": {
    "train": {
      "mse": 11.311563491821289,
      "r2": 0.4861038327217102
    },
    "val": {
      "mse": 5.453144550323486,
      "r2": 0.665050745010376
    },
    "test": {
      "mse": 5.945162296295166,
      "r2": 0.6399606466293335
    },
    "train_time": 0.6102674007415771
  },
  "k_hop_community_counts--sage": {
    "train": {
      "mse": 11.537668228149414,
      "r2": 0.47583168745040894
    },
    "val": {
      "mse": 5.768340110778809,
      "r2": 0.6456904411315918
    },
    "test": {
      "mse": 6.659520626068115,
      "r2": 0.5966989994049072
    },
    "train_time": 1.156611442565918
  },
  "k_hop_community_counts--mlp": {
    "train": {
      "mse": 7.120736122131348,
      "r2": 0.6764975190162659
    },
    "val": {
      "mse": 8.536920547485352,
      "r2": 0.4756355285644531
    },
    "test": {
      "mse": 9.974717140197754,
      "r2": 0.39593052864074707
    },
    "train_time": 0.5315728187561035
  },
  "k_hop_community_counts--rf": {
    "train": {
      "mse": 1.821778382352941,
      "r2": 0.9171128227807823
    },
    "val": {
      "mse": 9.841304017857142,
      "r2": 0.3928055195880369
    },
    "test": {
      "mse": 7.3545799999999995,
      "r2": 0.5527426310821945
    },
    "train_time": 0.25601768493652344
  }
}