{
  "density": 0.1518821889159986,
  "node_count": 152,
  "avg_degree": 22.93421052631579,
  "homophily": 0.17326448651749857,
  "clustering_coefficient": 0.15375497130065574,
  "power_law_exponent": 0.20434917079443932,
  "connected_components": 1,
  "largest_component_size": 152
}