{
  "run_id": 22,
  "timestamp": "20250527_100851",
  "config_path": "results/sweep_experiments\\homophily_density_sweep_20250527_100302\\run_0022",
  "sweep_parameters": {
    "universe_homophily": 0.7,
    "universe_edge_density": 0.15000000000000002
  },
  "random_parameters": {
    "homophily_range_width": 0.11372955763013103,
    "density_range_width": 0.028354908358980704,
    "degree_heterogeneity": 0.5169147588599854,
    "edge_noise": 0.08997177977109053
  },
  "all_parameters": {
    "universe_homophily": 0.7,
    "universe_edge_density": 0.15000000000000002,
    "homophily_range_width": 0.11372955763013103,
    "density_range_width": 0.028354908358980704,
    "degree_heterogeneity": 0.5169147588599854,
    "edge_noise": 0.08997177977109053
  },
  "method": "dc_sbm",
  "degree_distribution": "standard",
  "family_properties": {
    "n_graphs": 12,
    "node_counts": [
      84,
      85,
      89,
      96,
      100,
      94,
      91,
      84,
      92,
      81,
      89,
      99
    ],
    "edge_counts": [
      807,
      817,
      732,
      1305,
      895,
      1121,
      1197,
      768,
      1216,
      849,
      911,
      1500
    ],
    "community_counts": [
      5,
      3,
      5,
      4,
      4,
      4,
      5,
      3,
      4,
      3,
      5,
      4
    ],
    "node_counts_mean": 90.33333333333333,
    "node_counts_std": 5.892556509887896,
    "node_counts_min": 81.0,
    "node_counts_max": 100.0,
    "edge_counts_mean": 1009.8333333333334,
    "edge_counts_std": 238.0657588893362,
    "edge_counts_min": 732.0,
    "edge_counts_max": 1500.0,
    "community_counts_mean": 4.083333333333333,
    "community_counts_std": 0.759202798262025,
    "community_counts_min": 3.0,
    "community_counts_max": 5.0
  },
  "family_consistency": {
    "pattern_preservation": {
      "score": 0.847900744579916,
      "individual_correlations": [
        0.8183170883849713,
        0.8783100656536799,
        0.8183170883849713,
        0.8528028654224415,
        0.8553989227683015,
        0.8528028654224415,
        0.8183170883849713,
        0.8783100656536799,
        0.8528028654224415,
        0.8783100656536799,
        0.8183170883849713,
        0.8528028654224415
      ],
      "std": 0.023143208346993523,
      "interpretation": "Excellent pattern preservation - rank ordering strongly maintained",
      "description": "How well rank ordering of community connections is preserved relative to universe"
    },
    "generation_fidelity": {
      "score": 0.9969179126810076,
      "individual_scores": [
        0.9990250071416162,
        0.9934468971191872,
        0.9978623130272657,
        0.9984676581105885,
        0.993151837229721,
        0.9984836690553787,
        0.9970444908801135,
        0.9918111956449656,
        0.9991970716200422,
        0.9983125254215395,
        0.9978296726193626,
        0.9983826143023108
      ],
      "std": 0.002460133201886245,
      "interpretation": "Excellent generation fidelity - graphs closely match targets",
      "description": "How well graphs match their scaled probability targets (P_sub)"
    },
    "degree_consistency": {
      "score": -0.02601821148683096,
      "individual_scores": [
        -0.041889661561238994,
        0.011894479707841535,
        -0.4397195959710504,
        0.224421266149719,
        -0.10554969690151293,
        0.2883321778872975,
        -0.177787933374658,
        0.1451537555738124,
        -0.24153483047705265,
        0.14034543286420179,
        0.1373706151555722,
        -0.2532545468949029
      ],
      "std": 0.21320762452153097,
      "interpretation": "Score out of expected range",
      "description": "How well actual node degrees correlate with universe degree centers"
    },
    "overall": {
      "score": 0.7327238206070034,
      "interpretation": "Moderate overall consistency - family shows some structural preservation",
      "description": "Weighted average of all consistency metrics"
    },
    "community_coverage": {
      "total_unique_communities": 5,
      "universe_communities": 5,
      "coverage_fraction": 1.0,
      "community_usage": {
        "0": 10,
        "1": 11,
        "2": 8,
        "3": 11,
        "4": 9
      },
      "avg_usage_per_community": 9.8,
      "usage_std": 1.1661903789690602,
      "min_usage": 8,
      "max_usage": 11,
      "communities_in_all_graphs": [],
      "rarely_used_communities": []
    }
  },
  "community_signals": {
    "degree_signals": {
      "mean": 0.3572831384015594,
      "std": 0.05167418730848525,
      "min": 0.27999999999999997,
      "max": 0.43625730994152045,
      "individual_values": [
        0.3205882352941177,
        0.4117647058823529,
        0.3816993464052288,
        0.41684210526315785,
        0.27999999999999997,
        0.43625730994152045,
        0.30877192982456136,
        0.4044117647058824,
        0.3684210526315789,
        0.29705882352941176,
        0.35947712418300654,
        0.30210526315789477
      ]
    },
    "structure_signals": {
      "mean": 1.438224408580205,
      "std": 0.46477312780765845,
      "min": 0.8617114533423692,
      "max": 2.7867775693636205,
      "individual_values": [
        1.7329640773574808,
        1.5088480694582376,
        2.7867775693636205,
        1.1709081335132006,
        1.2550372491702484,
        1.3146526470367959,
        0.8617114533423692,
        1.373575435438403,
        1.4740167296633853,
        1.5420305077551362,
        1.1866342983984883,
        1.05153673246509
      ]
    },
    "feature_signals": {
      "mean": 0.8027919290748238,
      "std": 0.07383559754263962,
      "min": 0.6397435897435896,
      "max": 0.9314285714285713,
      "individual_values": [
        0.8270396270396271,
        0.8084415584415585,
        0.6397435897435896,
        0.7924369747899159,
        0.7697302697302697,
        0.7339015151515151,
        0.9314285714285713,
        0.8501082251082251,
        0.852724358974359,
        0.8741228070175439,
        0.7291503267973857,
        0.8246753246753247
      ]
    }
  },
  "model_results": {
    "community": {
      "gcn": {
        "test_metrics": {
          "accuracy": 0.9745454545454545,
          "precision_macro": 0.9778018995929443,
          "precision_weighted": 0.9761667694584927,
          "recall_macro": 0.8923076923076924,
          "recall_weighted": 0.9745454545454545,
          "f1_macro": 0.9148601477854843,
          "f1_weighted": 0.9702761602149607
        },
        "train_time": 1.6444742679595947,
        "success": true
      },
      "sage": {
        "test_metrics": {
          "accuracy": 0.9963636363636363,
          "precision_macro": 0.9968253968253968,
          "precision_weighted": 0.9964213564213564,
          "recall_macro": 0.9846153846153847,
          "recall_weighted": 0.9963636363636363,
          "f1_macro": 0.9904,
          "f1_weighted": 0.9963054545454547
        },
        "train_time": 1.0414862632751465,
        "success": true
      },
      "mlp": {
        "test_metrics": {
          "accuracy": 0.9272727272727272,
          "precision_macro": 0.9412558578246589,
          "precision_weighted": 0.9274233089564896,
          "recall_macro": 0.9305942638516944,
          "recall_weighted": 0.9272727272727272,
          "f1_macro": 0.9354353301098837,
          "f1_weighted": 0.9270483891699038
        },
        "train_time": 2.4795970916748047,
        "success": true
      },
      "rf": {
        "test_metrics": {
          "accuracy": 0.8872727272727273,
          "precision_macro": 0.9133848653926566,
          "precision_weighted": 0.893604474668577,
          "recall_macro": 0.8440208948627298,
          "recall_weighted": 0.8872727272727273,
          "f1_macro": 0.8678904954694427,
          "f1_weighted": 0.8864926091452406
        },
        "train_time": 0.3435337543487549,
        "success": true
      }
    }
  },
  "total_time": 20.52073359489441,
  "n_graphs": 12,