{
  "node_count": 112,
  "edge_count": 450,
  "density": 0.07239382239382239,
  "avg_degree": 8.035714285714286,
  "clustering_coefficient": 0.07543355628964868,
  "triangle_count": 89.0,
  "triangle_density": 0.0003904878904878905,
  "homophily": 0.09333333333333334,
  "power_law_exponent": -0.10469621595913577,
  "connected_components": 1,
  "largest_component_size": 112,
  "avg_communities_per_node": 1.0,
  "intra_community_density": 0.0935412026726058,
  "inter_community_density": 0.07074735564418241,
  "empirical_homophily": 0.13874275398090302
}