{
  "density": 0.10921880784894483,
  "node_count": 74,
  "avg_degree": 7.972972972972973,
  "homophily": 0.09152542372881356,
  "clustering_coefficient": 0.15655467081937666,
  "power_law_exponent": 0.34115292968594396,
  "connected_components": 1,
  "largest_component_size": 74
}