{
  "density": 0.09265367316341828,
  "node_count": 116,
  "avg_degree": 10.655172413793103,
  "homophily": 0.49838187702265374,
  "clustering_coefficient": 0.349151072618781,
  "power_law_exponent": 0.7224929062306398,
  "connected_components": 1,
  "largest_component_size": 116
}