{
  "density": 0.05793255942509674,
  "node_count": 135,
  "avg_degree": 7.762962962962963,
  "homophily": 0.0,
  "clustering_coefficient": 0.12345012978208066,
  "power_law_exponent": 1.3993791012120957,
  "connected_components": 1,
  "largest_component_size": 135
}