{
  "node_count": 139,
  "edge_count": 523,
  "density": 0.054530288812428315,
  "avg_degree": 7.525179856115108,
  "clustering_coefficient": 0.3125343163197583,
  "triangle_count": 424.0,
  "triangle_density": 0.0009680608417106366,
  "homophily": 0.14340344168260039,
  "power_law_exponent": 0.9238826451946508,
  "connected_components": 1,
  "largest_component_size": 139,
  "avg_communities_per_node": 1.0,
  "intra_community_density": 0.07190795781399809,
  "inter_community_density": 0.05240992044922789,
  "empirical_homophily": 0.15684017164036362
}