{
  "node_count": 64,
  "edge_count": 174,
  "density": 0.08630952380952381,
  "avg_degree": 5.4375,
  "clustering_coefficient": 0.0821924603174603,
  "triangle_count": 23.0,
  "triangle_density": 0.0005520353302611367,
  "homophily": 0.26436781609195403,
  "power_law_exponent": 0.008796490636848708,
  "connected_components": 1,
  "largest_component_size": 64,
  "avg_communities_per_node": 1.0,
  "intra_community_density": 0.3484848484848485,
  "inter_community_density": 0.06794055201698514,
  "empirical_homophily": 0.6736964078794901
}