{
  "node_count": 142,
  "edge_count": 1107,
  "density": 0.1105783637998202,
  "avg_degree": 15.591549295774648,
  "clustering_coefficient": 0.2352142570646661,
  "triangle_count": 1353.0,
  "triangle_density": 0.002896100004281005,
  "homophily": 0.6025293586269196,
  "power_law_exponent": -0.3293663170202735,
  "connected_components": 1,
  "largest_component_size": 142,
  "avg_communities_per_node": 1.0,
  "intra_community_density": 0.5310509554140127,
  "inter_community_density": 0.05025699600228441,
  "empirical_homophily": 0.8270899412958712
}