{
  "density": 0.08544303797468354,
  "node_count": 80,
  "avg_degree": 6.75,
  "homophily": 0.4888888888888889,
  "clustering_coefficient": 0.15736111111111103,
  "power_law_exponent": -1.190870310513675,
  "connected_components": 1,
  "largest_component_size": 80
}