{
  "density": 0.11477230655312846,
  "node_count": 74,
  "avg_degree": 8.378378378378379,
  "homophily": 0.10967741935483871,
  "clustering_coefficient": 0.12201744345707191,
  "power_law_exponent": 1.4583676996337693,
  "connected_components": 1,
  "largest_component_size": 74
}