{
  "node_count": 49,
  "edge_count": 56,
  "density": 0.047619047619047616,
  "avg_degree": 2.2857142857142856,
  "clustering_coefficient": 0.03401360544217687,
  "triangle_count": 1.0,
  "triangle_density": 5.427702996092054e-05,
  "homophily": 0.14285714285714285,
  "power_law_exponent": 2.2814636921712257,
  "connected_components": 1,
  "largest_component_size": 49,
  "avg_communities_per_node": 1.0,
  "intra_community_density": 0.0784313725490196,
  "inter_community_density": 0.0446927374301676,
  "empirical_homophily": 0.27402135231316727
}